[debug] [2026-05-15T14:03:27.608Z] ----------------------------------------------------------------------
[debug] [2026-05-15T14:03:27.610Z] Command:       C:\Program Files\nodejs\node.exe C:\Users\gaura\AppData\Roaming\npm\node_modules\firebase-tools\lib\bin\firebase.js projects:list
[debug] [2026-05-15T14:03:27.611Z] CLI Version:   15.18.0
[debug] [2026-05-15T14:03:27.611Z] Platform:      win32
[debug] [2026-05-15T14:03:27.611Z] Node Version:  v24.14.0
[debug] [2026-05-15T14:03:27.611Z] Time:          Fri May 15 2026 19:33:27 GMT+0530 (India Standard Time)
[debug] [2026-05-15T14:03:27.611Z] ----------------------------------------------------------------------
[debug] 
[debug] [2026-05-15T14:03:27.760Z] > command requires scopes: ["email","openid","https://www.googleapis.com/auth/cloudplatformprojects.readonly","https://www.googleapis.com/auth/firebase","https://www.googleapis.com/auth/cloud-platform"]
[debug] [2026-05-15T14:03:27.761Z] > authorizing via signed-in user (pratik49484@gmail.com)
[debug] [2026-05-15T14:03:27.764Z] Checked if tokens are valid: true, expires at: 1778855229287
[debug] [2026-05-15T14:03:27.764Z] Checked if tokens are valid: true, expires at: 1778855229287
[debug] [2026-05-15T14:03:27.765Z] >>> [apiv2][query] GET https://firebase.googleapis.com/v1beta1/projects pageSize=1000
[debug] [2026-05-15T14:03:28.983Z] <<< [apiv2][status] GET https://firebase.googleapis.com/v1beta1/projects 200
[debug] [2026-05-15T14:03:28.983Z] <<< [apiv2][body] GET https://firebase.googleapis.com/v1beta1/projects [omitted]
[info] ┌─────────────────────────────┬───────────────────────────────────────┬────────────────┬──────────────────────┐
│ Project Display Name        │ Project ID                            │ Project Number │ Resource Location ID │
├─────────────────────────────┼───────────────────────────────────────┼────────────────┼──────────────────────┤
│ daily-collection-management │ daily-collection-management (current) │ 520682493376   │ [Not specified]      │
├─────────────────────────────┼───────────────────────────────────────┼────────────────┼──────────────────────┤
│ geo-guardian                │ geo-guardian                          │ 534424149070   │ [Not specified]      │
└─────────────────────────────┴───────────────────────────────────────┴────────────────┴──────────────────────┘
[info] 
[info] 2 project(s) total.
[debug] [2026-05-15T14:03:37.351Z] ----------------------------------------------------------------------
[debug] [2026-05-15T14:03:37.354Z] Command:       C:\Program Files\nodejs\node.exe C:\Users\gaura\AppData\Roaming\npm\node_modules\firebase-tools\lib\bin\firebase.js deploy
[debug] [2026-05-15T14:03:37.354Z] CLI Version:   15.18.0
[debug] [2026-05-15T14:03:37.354Z] Platform:      win32
[debug] [2026-05-15T14:03:37.354Z] Node Version:  v24.14.0
[debug] [2026-05-15T14:03:37.355Z] Time:          Fri May 15 2026 19:33:37 GMT+0530 (India Standard Time)
[debug] [2026-05-15T14:03:37.355Z] ----------------------------------------------------------------------
[debug] 
[debug] [2026-05-15T14:03:38.393Z] > command requires scopes: ["email","openid","https://www.googleapis.com/auth/cloudplatformprojects.readonly","https://www.googleapis.com/auth/firebase","https://www.googleapis.com/auth/cloud-platform"]
[debug] [2026-05-15T14:03:38.393Z] > authorizing via signed-in user (pratik49484@gmail.com)
[debug] [2026-05-15T14:03:38.394Z] [iam] checking project daily-collection-management for permissions ["datastore.indexes.create","datastore.indexes.delete","datastore.indexes.list","datastore.indexes.update","firebase.projects.get","firebasehosting.sites.update","firebaserules.releases.create","firebaserules.releases.update","firebaserules.rulesets.create"]
[debug] [2026-05-15T14:03:38.395Z] Checked if tokens are valid: true, expires at: 1778855229287
[debug] [2026-05-15T14:03:38.395Z] Checked if tokens are valid: true, expires at: 1778855229287
[debug] [2026-05-15T14:03:38.396Z] >>> [apiv2][query] POST https://cloudresourcemanager.googleapis.com/v1/projects/daily-collection-management:testIamPermissions [none]
[debug] [2026-05-15T14:03:38.397Z] >>> [apiv2][(partial)header] POST https://cloudresourcemanager.googleapis.com/v1/projects/daily-collection-management:testIamPermissions  x-goog-user-project=daily-collection-management
[debug] [2026-05-15T14:03:38.397Z] >>> [apiv2][body] POST https://cloudresourcemanager.googleapis.com/v1/projects/daily-collection-management:testIamPermissions {"permissions":["datastore.indexes.create","datastore.indexes.delete","datastore.indexes.list","datastore.indexes.update","firebase.projects.get","firebasehosting.sites.update","firebaserules.releases.create","firebaserules.releases.update","firebaserules.rulesets.create"]}
[debug] [2026-05-15T14:03:40.185Z] <<< [apiv2][status] POST https://cloudresourcemanager.googleapis.com/v1/projects/daily-collection-management:testIamPermissions 200
[debug] [2026-05-15T14:03:40.185Z] <<< [apiv2][body] POST https://cloudresourcemanager.googleapis.com/v1/projects/daily-collection-management:testIamPermissions {"permissions":["datastore.indexes.create","datastore.indexes.delete","datastore.indexes.list","datastore.indexes.update","firebase.projects.get","firebasehosting.sites.update","firebaserules.releases.create","firebaserules.releases.update","firebaserules.rulesets.create"]}
[debug] [2026-05-15T14:03:40.186Z] Checked if tokens are valid: true, expires at: 1778855229287
[debug] [2026-05-15T14:03:40.186Z] Checked if tokens are valid: true, expires at: 1778855229287
[debug] [2026-05-15T14:03:40.186Z] >>> [apiv2][query] GET https://firebase.googleapis.com/v1beta1/projects/daily-collection-management [none]
[debug] [2026-05-15T14:03:40.820Z] <<< [apiv2][status] GET https://firebase.googleapis.com/v1beta1/projects/daily-collection-management 200
[debug] [2026-05-15T14:03:40.821Z] <<< [apiv2][body] GET https://firebase.googleapis.com/v1beta1/projects/daily-collection-management {"projectId":"daily-collection-management","projectNumber":"520682493376","displayName":"daily-collection-management","name":"projects/daily-collection-management","resources":{"hostingSite":"daily-collection-management"},"state":"ACTIVE","etag":"1_fd7c662f-6abb-45fe-bfa4-86e58ac93318"}
[info] 
[info] === Deploying to 'daily-collection-management'...
[info] 
[info] i  deploying storage, firestore, hosting 
[info] i  storage: ensuring required API firebasestorage.googleapis.com is enabled... 
[debug] [2026-05-15T14:03:40.824Z] Checked if tokens are valid: true, expires at: 1778855229287
[debug] [2026-05-15T14:03:40.824Z] Checked if tokens are valid: true, expires at: 1778855229287
[debug] [2026-05-15T14:03:40.824Z] >>> [apiv2][query] GET https://firebasestorage.googleapis.com/v1alpha/projects/daily-collection-management/defaultBucket [none]
[debug] [2026-05-15T14:03:43.059Z] <<< [apiv2][status] GET https://firebasestorage.googleapis.com/v1alpha/projects/daily-collection-management/defaultBucket 404
[debug] [2026-05-15T14:03:43.060Z] <<< [apiv2][body] GET https://firebasestorage.googleapis.com/v1alpha/projects/daily-collection-management/defaultBucket {"error":{"code":404,"message":"Requested entity was not found.","status":"NOT_FOUND"}}
[error] 
[error] Error: Firebase Storage has not been set up on project 'daily-collection-management'. Go to https://console.firebase.google.com/project/daily-collection-management/storage and click 'Get Started' to set up Firebase Storage.
[debug] [2026-05-15T14:03:52.422Z] ----------------------------------------------------------------------
[debug] [2026-05-15T14:03:52.424Z] Command:       C:\Program Files\nodejs\node.exe C:\Users\gaura\AppData\Roaming\npm\node_modules\firebase-tools\lib\bin\firebase.js deploy --only hosting,firestore
[debug] [2026-05-15T14:03:52.425Z] CLI Version:   15.18.0
[debug] [2026-05-15T14:03:52.425Z] Platform:      win32
[debug] [2026-05-15T14:03:52.425Z] Node Version:  v24.14.0
[debug] [2026-05-15T14:03:52.425Z] Time:          Fri May 15 2026 19:33:52 GMT+0530 (India Standard Time)
[debug] [2026-05-15T14:03:52.425Z] ----------------------------------------------------------------------
[debug] 
[debug] [2026-05-15T14:03:53.449Z] > command requires scopes: ["email","openid","https://www.googleapis.com/auth/cloudplatformprojects.readonly","https://www.googleapis.com/auth/firebase","https://www.googleapis.com/auth/cloud-platform"]
[debug] [2026-05-15T14:03:53.450Z] > authorizing via signed-in user (pratik49484@gmail.com)
[debug] [2026-05-15T14:03:53.451Z] [iam] checking project daily-collection-management for permissions ["datastore.indexes.create","datastore.indexes.delete","datastore.indexes.list","datastore.indexes.update","firebase.projects.get","firebasehosting.sites.update"]
[debug] [2026-05-15T14:03:53.452Z] Checked if tokens are valid: true, expires at: 1778855229287
[debug] [2026-05-15T14:03:53.452Z] Checked if tokens are valid: true, expires at: 1778855229287
[debug] [2026-05-15T14:03:53.453Z] >>> [apiv2][query] POST https://cloudresourcemanager.googleapis.com/v1/projects/daily-collection-management:testIamPermissions [none]
[debug] [2026-05-15T14:03:53.454Z] >>> [apiv2][(partial)header] POST https://cloudresourcemanager.googleapis.com/v1/projects/daily-collection-management:testIamPermissions  x-goog-user-project=daily-collection-management
[debug] [2026-05-15T14:03:53.454Z] >>> [apiv2][body] POST https://cloudresourcemanager.googleapis.com/v1/projects/daily-collection-management:testIamPermissions {"permissions":["datastore.indexes.create","datastore.indexes.delete","datastore.indexes.list","datastore.indexes.update","firebase.projects.get","firebasehosting.sites.update"]}
[debug] [2026-05-15T14:03:54.983Z] <<< [apiv2][status] POST https://cloudresourcemanager.googleapis.com/v1/projects/daily-collection-management:testIamPermissions 200
[debug] [2026-05-15T14:03:54.984Z] <<< [apiv2][body] POST https://cloudresourcemanager.googleapis.com/v1/projects/daily-collection-management:testIamPermissions {"permissions":["datastore.indexes.create","datastore.indexes.delete","datastore.indexes.list","datastore.indexes.update","firebase.projects.get","firebasehosting.sites.update"]}
[debug] [2026-05-15T14:03:54.985Z] Checked if tokens are valid: true, expires at: 1778855229287
[debug] [2026-05-15T14:03:54.986Z] Checked if tokens are valid: true, expires at: 1778855229287
[debug] [2026-05-15T14:03:54.987Z] >>> [apiv2][query] GET https://firebase.googleapis.com/v1beta1/projects/daily-collection-management [none]
[debug] [2026-05-15T14:03:55.535Z] <<< [apiv2][status] GET https://firebase.googleapis.com/v1beta1/projects/daily-collection-management 200
[debug] [2026-05-15T14:03:55.535Z] <<< [apiv2][body] GET https://firebase.googleapis.com/v1beta1/projects/daily-collection-management {"projectId":"daily-collection-management","projectNumber":"520682493376","displayName":"daily-collection-management","name":"projects/daily-collection-management","resources":{"hostingSite":"daily-collection-management"},"state":"ACTIVE","etag":"1_fd7c662f-6abb-45fe-bfa4-86e58ac93318"}
[info] 
[info] === Deploying to 'daily-collection-management'...
[info] 
[info] i  deploying firestore, hosting 
[info] i  firestore: ensuring required API firestore.googleapis.com is enabled... 
[info] i  firestore: ensuring required API firestore.googleapis.com is enabled... 
[debug] [2026-05-15T14:03:55.541Z] Checked if tokens are valid: true, expires at: 1778855229287
[debug] [2026-05-15T14:03:55.542Z] Checked if tokens are valid: true, expires at: 1778855229287
[debug] [2026-05-15T14:03:55.542Z] >>> [apiv2][query] GET https://firestore.googleapis.com/v1/projects/daily-collection-management/databases/(default) [none]
[debug] [2026-05-15T14:03:58.578Z] <<< [apiv2][status] GET https://firestore.googleapis.com/v1/projects/daily-collection-management/databases/(default) 200
[debug] [2026-05-15T14:03:58.578Z] <<< [apiv2][body] GET https://firestore.googleapis.com/v1/projects/daily-collection-management/databases/(default) {"name":"projects/daily-collection-management/databases/(default)","uid":"00463c2c-4b90-4fb4-9be2-cde171a3fefa","createTime":"2026-05-15T07:56:27.284452Z","updateTime":"2026-05-15T07:56:27.284452Z","locationId":"nam5","type":"FIRESTORE_NATIVE","concurrencyMode":"PESSIMISTIC","versionRetentionPeriod":"3600s","earliestVersionTime":"2026-05-15T13:03:57.141658Z","appEngineIntegrationMode":"DISABLED","keyPrefix":"s","pointInTimeRecoveryEnablement":"POINT_IN_TIME_RECOVERY_DISABLED","deleteProtectionState":"DELETE_PROTECTION_DISABLED","databaseEdition":"STANDARD","freeTier":true,"realtimeUpdatesMode":"REALTIME_UPDATES_MODE_ENABLED","etag":"IIPpx/i6u5QDMOT4vrvsupQD"}
[info] i  firestore: reading indexes from firebase/firestore.indexes.json... 
[info] i  cloud.firestore: checking firebase/firestore.rules for compilation errors... 
[debug] [2026-05-15T14:03:58.593Z] Checked if tokens are valid: true, expires at: 1778855229287
[debug] [2026-05-15T14:03:58.593Z] Checked if tokens are valid: true, expires at: 1778855229287
[debug] [2026-05-15T14:03:58.594Z] >>> [apiv2][query] POST https://firebaserules.googleapis.com/v1/projects/daily-collection-management:test [none]
[debug] [2026-05-15T14:03:58.594Z] >>> [apiv2][body] POST https://firebaserules.googleapis.com/v1/projects/daily-collection-management:test [omitted]
[debug] [2026-05-15T14:04:00.251Z] <<< [apiv2][status] POST https://firebaserules.googleapis.com/v1/projects/daily-collection-management:test 200
[debug] [2026-05-15T14:04:00.251Z] <<< [apiv2][body] POST https://firebaserules.googleapis.com/v1/projects/daily-collection-management:test {}
[info] +  cloud.firestore: rules file firebase/firestore.rules compiled successfully 
[debug] [2026-05-15T14:04:00.254Z] Checked if tokens are valid: true, expires at: 1778855229287
[debug] [2026-05-15T14:04:00.255Z] Checked if tokens are valid: true, expires at: 1778855229287
[debug] [2026-05-15T14:04:00.255Z] >>> [apiv2][query] GET https://firebasehosting.googleapis.com/v1beta1/projects/daily-collection-management/sites/daily-collection-management [none]
[debug] [2026-05-15T14:04:01.742Z] <<< [apiv2][status] GET https://firebasehosting.googleapis.com/v1beta1/projects/daily-collection-management/sites/daily-collection-management 200
[debug] [2026-05-15T14:04:01.743Z] <<< [apiv2][body] GET https://firebasehosting.googleapis.com/v1beta1/projects/daily-collection-management/sites/daily-collection-management {"name":"projects/daily-collection-management/sites/daily-collection-management","defaultUrl":"https://daily-collection-management.web.app","appId":"1:520682493376:web:cfa2fd2eaacd3f1324a425","type":"DEFAULT_SITE"}
[debug] [2026-05-15T14:04:01.751Z] Checked if tokens are valid: true, expires at: 1778855229287
[debug] [2026-05-15T14:04:01.751Z] Checked if tokens are valid: true, expires at: 1778855229287
[debug] [2026-05-15T14:04:01.752Z] >>> [apiv2][query] POST https://firebasehosting.googleapis.com/v1beta1/projects/-/sites/daily-collection-management/versions [none]
[debug] [2026-05-15T14:04:01.753Z] >>> [apiv2][body] POST https://firebasehosting.googleapis.com/v1beta1/projects/-/sites/daily-collection-management/versions {"status":"CREATED","labels":{"deployment-tool":"cli-firebase"}}
[debug] [2026-05-15T14:04:02.943Z] <<< [apiv2][status] POST https://firebasehosting.googleapis.com/v1beta1/projects/-/sites/daily-collection-management/versions 200
[debug] [2026-05-15T14:04:02.943Z] <<< [apiv2][body] POST https://firebasehosting.googleapis.com/v1beta1/projects/-/sites/daily-collection-management/versions {"name":"projects/520682493376/sites/daily-collection-management/versions/adaf2dd997f78a1e","status":"CREATED","config":{},"labels":{"deployment-tool":"cli-firebase"}}
[debug] [2026-05-15T14:04:02.944Z] Checked if tokens are valid: true, expires at: 1778855229287
[debug] [2026-05-15T14:04:02.944Z] Checked if tokens are valid: true, expires at: 1778855229287
[debug] [2026-05-15T14:04:02.945Z] >>> [apiv2][query] GET https://firebaserules.googleapis.com/v1/projects/daily-collection-management/releases pageSize=10&pageToken=
[debug] [2026-05-15T14:04:04.334Z] <<< [apiv2][status] GET https://firebaserules.googleapis.com/v1/projects/daily-collection-management/releases 200
[debug] [2026-05-15T14:04:04.334Z] <<< [apiv2][body] GET https://firebaserules.googleapis.com/v1/projects/daily-collection-management/releases {"releases":[{"name":"projects/daily-collection-management/releases/cloud.firestore","rulesetName":"projects/daily-collection-management/rulesets/f0302a95-3d22-42ee-b4f9-4a13655d5da4","createTime":"2026-05-15T07:57:05.814424Z","updateTime":"2026-05-15T13:48:11.399380Z"}]}
[debug] [2026-05-15T14:04:04.334Z] Checked if tokens are valid: true, expires at: 1778855229287
[debug] [2026-05-15T14:04:04.334Z] Checked if tokens are valid: true, expires at: 1778855229287
[debug] [2026-05-15T14:04:04.334Z] >>> [apiv2][query] GET https://firebaserules.googleapis.com/v1/projects/daily-collection-management/rulesets/f0302a95-3d22-42ee-b4f9-4a13655d5da4 [none]
[debug] [2026-05-15T14:04:05.707Z] <<< [apiv2][status] GET https://firebaserules.googleapis.com/v1/projects/daily-collection-management/rulesets/f0302a95-3d22-42ee-b4f9-4a13655d5da4 200
[debug] [2026-05-15T14:04:05.707Z] <<< [apiv2][body] GET https://firebaserules.googleapis.com/v1/projects/daily-collection-management/rulesets/f0302a95-3d22-42ee-b4f9-4a13655d5da4 [omitted]
[info] i  firestore: uploading rules firebase/firestore.rules... 
[debug] [2026-05-15T14:04:05.709Z] Checked if tokens are valid: true, expires at: 1778855229287
[debug] [2026-05-15T14:04:05.709Z] Checked if tokens are valid: true, expires at: 1778855229287
[debug] [2026-05-15T14:04:05.709Z] >>> [apiv2][query] POST https://firebaserules.googleapis.com/v1/projects/daily-collection-management/rulesets [none]
[debug] [2026-05-15T14:04:05.709Z] >>> [apiv2][body] POST https://firebaserules.googleapis.com/v1/projects/daily-collection-management/rulesets [omitted]
[debug] [2026-05-15T14:04:06.190Z] <<< [apiv2][status] POST https://firebaserules.googleapis.com/v1/projects/daily-collection-management/rulesets 200
[debug] [2026-05-15T14:04:06.190Z] <<< [apiv2][body] POST https://firebaserules.googleapis.com/v1/projects/daily-collection-management/rulesets {"name":"projects/daily-collection-management/rulesets/49e6a06d-2798-4e49-a3f3-10b369756836","source":{"files":[{"content":"rules_version = '2';\n\nservice cloud.firestore {\n  match /databases/{database}/documents {\n    function signedIn() {\n      return request.auth != null;\n    }\n\n    function hasUserDoc(uid) {\n      return exists(/databases/$(database)/documents/users/$(uid));\n    }\n\n    function hasRole(role) {\n      return signedIn()\n        && hasUserDoc(request.auth.uid)\n        && get(/databases/$(database)/documents/users/$(request.auth.uid)).data.role == role;\n    }\n\n    function isAdmin() {\n      return hasRole('admin');\n    }\n\n    function isCollector() {\n      return hasRole('collector');\n    }\n\n    function ownsUserDoc(userId) {\n      return signedIn() && request.auth.uid == userId;\n    }\n\n    function customerAssignedTo(customerId, uid) {\n      return get(/databases/$(database)/documents/customers/$(customerId)).data.assignedCollectorId == uid;\n    }\n\n    function customerBalanceOnlyChanged() {\n      return request.resource.data.diff(resource.data).affectedKeys().hasOnly([\n        'totalSavings',\n        'totalSavingsPaise',\n        'pendingAmount',\n        'pendingAmountPaise',\n        'pendingDays',\n        'overdueDays',\n        'penaltyAmount',\n        'penaltyAmountPaise',\n        'lastCollectionDate',\n        'lastDailySyncDate',\n        'lastPenaltyUpdated',\n        'updatedAt'\n      ]);\n    }\n\n    function loanOperationalOnlyChanged() {\n      return request.resource.data.diff(resource.data).affectedKeys().hasOnly([\n        'totalPaid',\n        'totalPaidPaise',\n        'remainingBalance',\n        'remainingBalancePaise',\n        'paidInstallments',\n        'loanStatus',\n        'lastEMIPaymentDate',\n        'nextDueDate',\n        'dueDate',\n        'overdueDays',\n        'penaltyAmount',\n        'penaltyAmountPaise',\n        'lastPenaltyUpdated',\n        'updatedAt'\n      ]);\n    }\n\n    match /users/{userId} {\n      allow read: if isAdmin() || ownsUserDoc(userId);\n      allow create: if isAdmin()\n        || (\n          ownsUserDoc(userId)\n          && request.resource.data.role == 'collector'\n          && request.resource.data.status == 'active'\n        );\n      allow update: if isAdmin()\n        || (\n          ownsUserDoc(userId)\n          && request.resource.data.diff(resource.data).affectedKeys().hasOnly([\n            'fullName',\n            'mobile',\n            'profileImage',\n            'email',\n            'lastLogin',\n            'updatedAt'\n          ])\n        );\n      allow delete: if isAdmin();\n    }\n\n    match /customers/{customerId} {\n      allow read: if isAdmin()\n        || (isCollector() && resource.data.assignedCollectorId == request.auth.uid);\n      allow create: if isAdmin();\n      allow update: if isAdmin()\n        || (\n          isCollector()\n          && resource.data.assignedCollectorId == request.auth.uid\n          && customerBalanceOnlyChanged()\n        );\n      allow delete: if isAdmin();\n    }\n\n    match /dailyCollections/{collectionId} {\n      allow read: if isAdmin()\n        || (isCollector() && resource.data.collectorId == request.auth.uid);\n      allow create: if signedIn()\n        && collectionId == request.resource.data.customerId + '_' + request.resource.data.date\n        && !exists(/databases/$(database)/documents/dailyCollections/$(collectionId))\n        && (\n          isAdmin()\n          || (\n            isCollector()\n            && request.resource.data.collectorId == request.auth.uid\n            && customerAssignedTo(request.resource.data.customerId, request.auth.uid)\n          )\n        );\n      allow update, delete: if isAdmin();\n    }\n\n    match /loans/{loanId} {\n      allow read: if isAdmin()\n        || (isCollector() && customerAssignedTo(resource.data.customerId, request.auth.uid));\n      allow create, delete: if isAdmin();\n      allow update: if isAdmin()\n        || (\n          isCollector()\n          && customerAssignedTo(resource.data.customerId, request.auth.uid)\n          && loanOperationalOnlyChanged()\n        );\n    }\n\n    match /emiPayments/{paymentId} {\n      allow read: if isAdmin()\n        || (isCollector() && resource.data.collectorId == request.auth.uid);\n      allow create: if isAdmin()\n        || (\n          isCollector()\n          && request.resource.data.collectorId == request.auth.uid\n          && customerAssignedTo(request.resource.data.customerId, request.auth.uid)\n        );\n      allow update, delete: if isAdmin();\n    }\n\n    match /notifications/{notificationId} {\n      allow read: if isAdmin()\n        || (signedIn() && resource.data.userId == request.auth.uid);\n      allow create, delete: if isAdmin();\n      allow update: if isAdmin()\n        || (\n          signedIn()\n          && resource.data.userId == request.auth.uid\n          && request.resource.data.diff(resource.data).affectedKeys().hasOnly([\n            'isRead',\n            'readAt'\n          ])\n        );\n    }\n\n    match /dailySummaries/{summaryId} {\n      allow read: if isAdmin()\n        || (isCollector() && resource.data.collectorId == request.auth.uid);\n      allow create, update: if isAdmin()\n        || (\n          isCollector()\n          && request.resource.data.collectorId == request.auth.uid\n        );\n      allow delete: if isAdmin();\n    }\n\n    match /penalties/{penaltyId} {\n      allow read: if isAdmin()\n        || (isCollector() && resource.data.collectorId == request.auth.uid);\n      allow create, update: if isAdmin()\n        || (\n          isCollector()\n          && request.resource.data.collectorId == request.auth.uid\n          && request.resource.data.type in ['daily', 'emi']\n        );\n      allow delete: if isAdmin();\n    }\n  }\n}\n","name":"firebase/firestore.rules"}]},"createTime":"2026-05-15T14:04:04.754719Z","metadata":{"services":["cloud.firestore"]}}
[debug] [2026-05-15T14:04:06.191Z] [rules] created ruleset projects/daily-collection-management/rulesets/49e6a06d-2798-4e49-a3f3-10b369756836
[info] i  firestore: deploying indexes... 
[debug] [2026-05-15T14:04:06.192Z] Checked if tokens are valid: true, expires at: 1778855229287
[debug] [2026-05-15T14:04:06.192Z] Checked if tokens are valid: true, expires at: 1778855229287
[debug] [2026-05-15T14:04:06.193Z] >>> [apiv2][query] GET https://firestore.googleapis.com/v1/projects/daily-collection-management/databases/(default)/collectionGroups/-/indexes [none]
[debug] [2026-05-15T14:04:08.005Z] <<< [apiv2][status] GET https://firestore.googleapis.com/v1/projects/daily-collection-management/databases/(default)/collectionGroups/-/indexes 200
[debug] [2026-05-15T14:04:08.006Z] <<< [apiv2][body] GET https://firestore.googleapis.com/v1/projects/daily-collection-management/databases/(default)/collectionGroups/-/indexes {"indexes":[{"name":"projects/daily-collection-management/databases/(default)/collectionGroups/dailyCollections/indexes/CICAgNiav4AK","queryScope":"COLLECTION","fields":[{"fieldPath":"collectorId","order":"ASCENDING"},{"fieldPath":"date","order":"DESCENDING"},{"fieldPath":"__name__","order":"DESCENDING"}],"state":"READY","density":"SPARSE_ALL"},{"name":"projects/daily-collection-management/databases/(default)/collectionGroups/dailyCollections/indexes/CICAgJim14AK","queryScope":"COLLECTION","fields":[{"fieldPath":"date","order":"ASCENDING"},{"fieldPath":"createdAt","order":"DESCENDING"},{"fieldPath":"__name__","order":"DESCENDING"}],"state":"READY","density":"SPARSE_ALL"},{"name":"projects/daily-collection-management/databases/(default)/collectionGroups/dailyCollections/indexes/CICAgLjy8IAK","queryScope":"COLLECTION","fields":[{"fieldPath":"status","order":"ASCENDING"},{"fieldPath":"date","order":"DESCENDING"},{"fieldPath":"__name__","order":"DESCENDING"}],"state":"READY","density":"SPARSE_ALL"},{"name":"projects/daily-collection-management/databases/(default)/collectionGroups/users/indexes/CICAgOjXh4EK","queryScope":"COLLECTION","fields":[{"fieldPath":"role","order":"ASCENDING"},{"fieldPath":"status","order":"ASCENDING"},{"fieldPath":"fullName","order":"ASCENDING"},{"fieldPath":"__name__","order":"ASCENDING"}],"state":"READY","density":"SPARSE_ALL"},{"name":"projects/daily-collection-management/databases/(default)/collectionGroups/notifications/indexes/CICAgJj7z4EK","queryScope":"COLLECTION","fields":[{"fieldPath":"userId","order":"ASCENDING"},{"fieldPath":"createdAt","order":"DESCENDING"},{"fieldPath":"__name__","order":"DESCENDING"}],"state":"READY","density":"SPARSE_ALL"},{"name":"projects/daily-collection-management/databases/(default)/collectionGroups/dailyCollections/indexes/CICAgNjpgYIK","queryScope":"COLLECTION","fields":[{"fieldPath":"customerId","order":"ASCENDING"},{"fieldPath":"date","order":"DESCENDING"},{"fieldPath":"__name__","order":"DESCENDING"}],"state":"READY","density":"SPARSE_ALL"},{"name":"projects/daily-collection-management/databases/(default)/collectionGroups/penalties/indexes/CICAgLjRyYIK","queryScope":"COLLECTION","fields":[{"fieldPath":"status","order":"ASCENDING"},{"fieldPath":"updatedAt","order":"DESCENDING"},{"fieldPath":"__name__","order":"DESCENDING"}],"state":"READY","density":"SPARSE_ALL"},{"name":"projects/daily-collection-management/databases/(default)/collectionGroups/emiPayments/indexes/CICAgJjF9oIK","queryScope":"COLLECTION","fields":[{"fieldPath":"collectorId","order":"ASCENDING"},{"fieldPath":"paymentDate","order":"DESCENDING"},{"fieldPath":"__name__","order":"DESCENDING"}],"state":"READY","density":"SPARSE_ALL"},{"name":"projects/daily-collection-management/databases/(default)/collectionGroups/customers/indexes/CICAgJiUpoMK","queryScope":"COLLECTION","fields":[{"fieldPath":"assignedCollectorId","order":"ASCENDING"},{"fieldPath":"shopName","order":"ASCENDING"},{"fieldPath":"__name__","order":"ASCENDING"}],"state":"READY","density":"SPARSE_ALL"},{"name":"projects/daily-collection-management/databases/(default)/collectionGroups/customers/indexes/CICAgNi47oMK","queryScope":"COLLECTION","fields":[{"fieldPath":"status","order":"ASCENDING"},{"fieldPath":"shopName","order":"ASCENDING"},{"fieldPath":"__name__","order":"ASCENDING"}],"state":"READY","density":"SPARSE_ALL"},{"name":"projects/daily-collection-management/databases/(default)/collectionGroups/loans/indexes/CICAgJjm4YQK","queryScope":"COLLECTION","fields":[{"fieldPath":"loanStatus","order":"ASCENDING"},{"fieldPath":"createdAt","order":"DESCENDING"},{"fieldPath":"__name__","order":"DESCENDING"}],"state":"READY","density":"SPARSE_ALL"},{"name":"projects/daily-collection-management/databases/(default)/collectionGroups/dailyCollections/indexes/CICAgNja0ogK","queryScope":"COLLECTION","fields":[{"fieldPath":"collectorId","order":"ASCENDING"},{"fieldPath":"customerId","order":"ASCENDING"},{"fieldPath":"date","order":"DESCENDING"},{"fieldPath":"__name__","order":"DESCENDING"}],"state":"READY","density":"SPARSE_ALL"},{"name":"projects/daily-collection-management/databases/(default)/collectionGroups/customers/indexes/CICAgOi39IkK","queryScope":"COLLECTION","fields":[{"fieldPath":"assignedCollectorId","order":"ASCENDING"},{"fieldPath":"status","order":"ASCENDING"},{"fieldPath":"shopName","order":"ASCENDING"},{"fieldPath":"__name__","order":"ASCENDING"}],"state":"READY","density":"SPARSE_ALL"},{"name":"projects/daily-collection-management/databases/(default)/collectionGroups/emiPayments/indexes/CICAgJiUzYsK","queryScope":"COLLECTION","fields":[{"fieldPath":"collectorId","order":"ASCENDING"},{"fieldPath":"paymentDate","order":"ASCENDING"},{"fieldPath":"createdAt","order":"DESCENDING"},{"fieldPath":"__name__","order":"DESCENDING"}],"state":"READY","density":"SPARSE_ALL"},{"name":"projects/daily-collection-management/databases/(default)/collectionGroups/dailyCollections/indexes/CICAgOi3kJAK","queryScope":"COLLECTION","fields":[{"fieldPath":"collectorId","order":"ASCENDING"},{"fieldPath":"date","order":"ASCENDING"},{"fieldPath":"createdAt","order":"DESCENDING"},{"fieldPath":"__name__","order":"DESCENDING"}],"state":"READY","density":"SPARSE_ALL"},{"name":"projects/daily-collection-management/databases/(default)/collectionGroups/loans/indexes/CICAgJjmiJEK","queryScope":"COLLECTION","fields":[{"fieldPath":"collectorId","order":"ASCENDING"},{"fieldPath":"createdAt","order":"DESCENDING"},{"fieldPath":"__name__","order":"DESCENDING"}],"state":"READY","density":"SPARSE_ALL"},{"name":"projects/daily-collection-management/databases/(default)/collectionGroups/emiPayments/indexes/CICAgNjaxJEK","queryScope":"COLLECTION","fields":[{"fieldPath":"loanId","order":"ASCENDING"},{"fieldPath":"paymentDate","order":"DESCENDING"},{"fieldPath":"__name__","order":"DESCENDING"}],"state":"READY","density":"SPARSE_ALL"},{"name":"projects/daily-collection-management/databases/(default)/collectionGroups/loans/indexes/CICAgLiIjZIK","queryScope":"COLLECTION","fields":[{"fieldPath":"collectorId","order":"ASCENDING"},{"fieldPath":"loanStatus","order":"ASCENDING"},{"fieldPath":"__name__","order":"ASCENDING"}],"state":"READY","density":"SPARSE_ALL"},{"name":"projects/daily-collection-management/databases/(default)/collectionGroups/loans/indexes/CICAgJiUsZIK","queryScope":"COLLECTION","fields":[{"fieldPath":"customerId","order":"ASCENDING"},{"fieldPath":"loanStatus","order":"ASCENDING"},{"fieldPath":"__name__","order":"ASCENDING"}],"state":"READY","density":"SPARSE_ALL"},{"name":"projects/daily-collection-management/databases/(default)/collectionGroups/emiPayments/indexes/CICAgJjmtZUK","queryScope":"COLLECTION","fields":[{"fieldPath":"paymentDate","order":"ASCENDING"},{"fieldPath":"createdAt","order":"DESCENDING"},{"fieldPath":"__name__","order":"DESCENDING"}],"state":"READY","density":"SPARSE_ALL"},{"name":"projects/daily-collection-management/databases/(default)/collectionGroups/penalties/indexes/CICAgOi36pgK","queryScope":"COLLECTION","fields":[{"fieldPath":"collectorId","order":"ASCENDING"},{"fieldPath":"status","order":"ASCENDING"},{"fieldPath":"updatedAt","order":"DESCENDING"},{"fieldPath":"__name__","order":"DESCENDING"}],"state":"READY","density":"SPARSE_ALL"},{"name":"projects/daily-collection-management/databases/(default)/collectionGroups/dailyCollections/indexes/CICAgJjm-pkK","queryScope":"COLLECTION","fields":[{"fieldPath":"collectorId","order":"ASCENDING"},{"fieldPath":"status","order":"ASCENDING"},{"fieldPath":"date","order":"DESCENDING"},{"fieldPath":"__name__","order":"DESCENDING"}],"state":"READY","density":"SPARSE_ALL"}]}
[debug] [2026-05-15T14:04:08.006Z] Checked if tokens are valid: true, expires at: 1778855229287
[debug] [2026-05-15T14:04:08.007Z] Checked if tokens are valid: true, expires at: 1778855229287
[debug] [2026-05-15T14:04:08.007Z] >>> [apiv2][query] GET https://firestore.googleapis.com/v1/projects/daily-collection-management/databases/(default)/collectionGroups/-/fields?filter=indexConfig.usesAncestorConfig=false OR ttlConfig:* [none]
[debug] [2026-05-15T14:04:08.362Z] <<< [apiv2][status] GET https://firestore.googleapis.com/v1/projects/daily-collection-management/databases/(default)/collectionGroups/-/fields?filter=indexConfig.usesAncestorConfig=false OR ttlConfig:* 200
[debug] [2026-05-15T14:04:08.362Z] <<< [apiv2][body] GET https://firestore.googleapis.com/v1/projects/daily-collection-management/databases/(default)/collectionGroups/-/fields?filter=indexConfig.usesAncestorConfig=false OR ttlConfig:* {"fields":[{"name":"projects/daily-collection-management/databases/(default)/collectionGroups/__default__/fields/*","indexConfig":{"indexes":[{"queryScope":"COLLECTION","fields":[{"fieldPath":"*","order":"ASCENDING"}],"state":"READY"},{"queryScope":"COLLECTION","fields":[{"fieldPath":"*","order":"DESCENDING"}],"state":"READY"},{"queryScope":"COLLECTION","fields":[{"fieldPath":"*","arrayConfig":"CONTAINS"}],"state":"READY"}]}}]}
[debug] [2026-05-15T14:04:08.362Z] Checked if tokens are valid: true, expires at: 1778855229287
[debug] [2026-05-15T14:04:08.363Z] Checked if tokens are valid: true, expires at: 1778855229287
[debug] [2026-05-15T14:04:08.363Z] >>> [apiv2][query] GET https://firestore.googleapis.com/v1/projects/daily-collection-management/databases/(default) [none]
[debug] [2026-05-15T14:04:08.702Z] <<< [apiv2][status] GET https://firestore.googleapis.com/v1/projects/daily-collection-management/databases/(default) 200
[debug] [2026-05-15T14:04:08.702Z] <<< [apiv2][body] GET https://firestore.googleapis.com/v1/projects/daily-collection-management/databases/(default) {"name":"projects/daily-collection-management/databases/(default)","uid":"00463c2c-4b90-4fb4-9be2-cde171a3fefa","createTime":"2026-05-15T07:56:27.284452Z","updateTime":"2026-05-15T07:56:27.284452Z","locationId":"nam5","type":"FIRESTORE_NATIVE","concurrencyMode":"PESSIMISTIC","versionRetentionPeriod":"3600s","earliestVersionTime":"2026-05-15T13:04:07.276788Z","appEngineIntegrationMode":"DISABLED","keyPrefix":"s","pointInTimeRecoveryEnablement":"POINT_IN_TIME_RECOVERY_DISABLED","deleteProtectionState":"DELETE_PROTECTION_DISABLED","databaseEdition":"STANDARD","freeTier":true,"realtimeUpdatesMode":"REALTIME_UPDATES_MODE_ENABLED","etag":"IPG1sv26u5QDMOT4vrvsupQD"}
[debug] [2026-05-15T14:04:08.704Z] Skipping existing index: {"collectionGroup":"users","queryScope":"COLLECTION","fields":[{"fieldPath":"role","order":"ASCENDING"},{"fieldPath":"status","order":"ASCENDING"},{"fieldPath":"fullName","order":"ASCENDING"},{"fieldPath":"__name__","order":"ASCENDING"}]}
[debug] [2026-05-15T14:04:08.704Z] Skipping existing index: {"collectionGroup":"customers","queryScope":"COLLECTION","fields":[{"fieldPath":"assignedCollectorId","order":"ASCENDING"},{"fieldPath":"shopName","order":"ASCENDING"},{"fieldPath":"__name__","order":"ASCENDING"}]}
[debug] [2026-05-15T14:04:08.705Z] Skipping existing index: {"collectionGroup":"customers","queryScope":"COLLECTION","fields":[{"fieldPath":"assignedCollectorId","order":"ASCENDING"},{"fieldPath":"status","order":"ASCENDING"},{"fieldPath":"shopName","order":"ASCENDING"},{"fieldPath":"__name__","order":"ASCENDING"}]}
[debug] [2026-05-15T14:04:08.705Z] Skipping existing index: {"collectionGroup":"customers","queryScope":"COLLECTION","fields":[{"fieldPath":"status","order":"ASCENDING"},{"fieldPath":"shopName","order":"ASCENDING"},{"fieldPath":"__name__","order":"ASCENDING"}]}
[debug] [2026-05-15T14:04:08.705Z] Skipping existing index: {"collectionGroup":"dailyCollections","queryScope":"COLLECTION","fields":[{"fieldPath":"collectorId","order":"ASCENDING"},{"fieldPath":"date","order":"ASCENDING"},{"fieldPath":"createdAt","order":"DESCENDING"},{"fieldPath":"__name__","order":"DESCENDING"}]}
[debug] [2026-05-15T14:04:08.705Z] Skipping existing index: {"collectionGroup":"dailyCollections","queryScope":"COLLECTION","fields":[{"fieldPath":"date","order":"ASCENDING"},{"fieldPath":"createdAt","order":"DESCENDING"},{"fieldPath":"__name__","order":"DESCENDING"}]}
[debug] [2026-05-15T14:04:08.705Z] Skipping existing index: {"collectionGroup":"dailyCollections","queryScope":"COLLECTION","fields":[{"fieldPath":"collectorId","order":"ASCENDING"},{"fieldPath":"date","order":"DESCENDING"},{"fieldPath":"__name__","order":"DESCENDING"}]}
[debug] [2026-05-15T14:04:08.705Z] Skipping existing index: {"collectionGroup":"dailyCollections","queryScope":"COLLECTION","fields":[{"fieldPath":"customerId","order":"ASCENDING"},{"fieldPath":"date","order":"DESCENDING"},{"fieldPath":"__name__","order":"DESCENDING"}]}
[debug] [2026-05-15T14:04:08.705Z] Skipping existing index: {"collectionGroup":"dailyCollections","queryScope":"COLLECTION","fields":[{"fieldPath":"collectorId","order":"ASCENDING"},{"fieldPath":"customerId","order":"ASCENDING"},{"fieldPath":"date","order":"DESCENDING"},{"fieldPath":"__name__","order":"DESCENDING"}]}
[debug] [2026-05-15T14:04:08.705Z] Skipping existing index: {"collectionGroup":"dailyCollections","queryScope":"COLLECTION","fields":[{"fieldPath":"status","order":"ASCENDING"},{"fieldPath":"date","order":"DESCENDING"},{"fieldPath":"__name__","order":"DESCENDING"}]}
[debug] [2026-05-15T14:04:08.705Z] Skipping existing index: {"collectionGroup":"dailyCollections","queryScope":"COLLECTION","fields":[{"fieldPath":"collectorId","order":"ASCENDING"},{"fieldPath":"status","order":"ASCENDING"},{"fieldPath":"date","order":"DESCENDING"},{"fieldPath":"__name__","order":"DESCENDING"}]}
[debug] [2026-05-15T14:04:08.705Z] Skipping existing index: {"collectionGroup":"loans","queryScope":"COLLECTION","fields":[{"fieldPath":"collectorId","order":"ASCENDING"},{"fieldPath":"createdAt","order":"DESCENDING"},{"fieldPath":"__name__","order":"DESCENDING"}]}
[debug] [2026-05-15T14:04:08.705Z] Skipping existing index: {"collectionGroup":"loans","queryScope":"COLLECTION","fields":[{"fieldPath":"loanStatus","order":"ASCENDING"},{"fieldPath":"createdAt","order":"DESCENDING"},{"fieldPath":"__name__","order":"DESCENDING"}]}
[debug] [2026-05-15T14:04:08.705Z] Skipping existing index: {"collectionGroup":"loans","queryScope":"COLLECTION","fields":[{"fieldPath":"collectorId","order":"ASCENDING"},{"fieldPath":"loanStatus","order":"ASCENDING"},{"fieldPath":"__name__","order":"ASCENDING"}]}
[debug] [2026-05-15T14:04:08.705Z] Skipping existing index: {"collectionGroup":"loans","queryScope":"COLLECTION","fields":[{"fieldPath":"customerId","order":"ASCENDING"},{"fieldPath":"loanStatus","order":"ASCENDING"},{"fieldPath":"__name__","order":"ASCENDING"}]}
[debug] [2026-05-15T14:04:08.706Z] Skipping existing index: {"collectionGroup":"emiPayments","queryScope":"COLLECTION","fields":[{"fieldPath":"paymentDate","order":"ASCENDING"},{"fieldPath":"createdAt","order":"DESCENDING"},{"fieldPath":"__name__","order":"DESCENDING"}]}
[debug] [2026-05-15T14:04:08.706Z] Skipping existing index: {"collectionGroup":"emiPayments","queryScope":"COLLECTION","fields":[{"fieldPath":"collectorId","order":"ASCENDING"},{"fieldPath":"paymentDate","order":"ASCENDING"},{"fieldPath":"createdAt","order":"DESCENDING"},{"fieldPath":"__name__","order":"DESCENDING"}]}
[debug] [2026-05-15T14:04:08.706Z] Skipping existing index: {"collectionGroup":"emiPayments","queryScope":"COLLECTION","fields":[{"fieldPath":"loanId","order":"ASCENDING"},{"fieldPath":"paymentDate","order":"DESCENDING"},{"fieldPath":"__name__","order":"DESCENDING"}]}
[debug] [2026-05-15T14:04:08.706Z] Skipping existing index: {"collectionGroup":"emiPayments","queryScope":"COLLECTION","fields":[{"fieldPath":"collectorId","order":"ASCENDING"},{"fieldPath":"paymentDate","order":"DESCENDING"},{"fieldPath":"__name__","order":"DESCENDING"}]}
[debug] [2026-05-15T14:04:08.706Z] Skipping existing index: {"collectionGroup":"penalties","queryScope":"COLLECTION","fields":[{"fieldPath":"status","order":"ASCENDING"},{"fieldPath":"updatedAt","order":"DESCENDING"},{"fieldPath":"__name__","order":"DESCENDING"}]}
[debug] [2026-05-15T14:04:08.706Z] Skipping existing index: {"collectionGroup":"penalties","queryScope":"COLLECTION","fields":[{"fieldPath":"collectorId","order":"ASCENDING"},{"fieldPath":"status","order":"ASCENDING"},{"fieldPath":"updatedAt","order":"DESCENDING"},{"fieldPath":"__name__","order":"DESCENDING"}]}
[debug] [2026-05-15T14:04:08.706Z] Skipping existing index: {"collectionGroup":"notifications","queryScope":"COLLECTION","fields":[{"fieldPath":"userId","order":"ASCENDING"},{"fieldPath":"createdAt","order":"DESCENDING"},{"fieldPath":"__name__","order":"DESCENDING"}]}
[info] +  firestore: deployed indexes in firebase/firestore.indexes.json successfully for (default) database 
[info] i  hosting[daily-collection-management]: beginning deploy... 
[info] i  hosting[daily-collection-management]: found 63 files in frontend/dist 
[debug] [2026-05-15T14:04:08.720Z] [hosting] uploading with 200 concurrency
[debug] [2026-05-15T14:04:08.720Z] [hosting] hash cache [ZnJvbnRlbmRcZGlzdA] not populated
[debug] [2026-05-15T14:04:08.755Z] Checked if tokens are valid: true, expires at: 1778855229287
[debug] [2026-05-15T14:04:08.755Z] Checked if tokens are valid: true, expires at: 1778855229287
[debug] [2026-05-15T14:04:08.757Z] [hosting] hash cache [ZnJvbnRlbmRcZGlzdA] stored for 63 files
[debug] [2026-05-15T14:04:08.757Z] [hosting][hash queue][FINAL] {"max":31,"min":8,"avg":12.174603174603176,"active":0,"complete":63,"success":63,"errored":0,"retried":0,"total":63,"elapsed":36}
[debug] [2026-05-15T14:04:08.757Z] >>> [apiv2][query] POST https://firebasehosting.googleapis.com/v1beta1/projects/520682493376/sites/daily-collection-management/versions/adaf2dd997f78a1e:populateFiles [none]
[debug] [2026-05-15T14:04:08.757Z] >>> [apiv2][body] POST https://firebasehosting.googleapis.com/v1beta1/projects/520682493376/sites/daily-collection-management/versions/adaf2dd997f78a1e:populateFiles {"files":{"/index.html":"534fa0882759409cc2d3a2d7a949f75dff5109bdc9b67a2e5845939482c52f53","/assets/TodayCollectionSummaryPage-DZ5zAhbw.js":"08979bc6427071d72570b80a400f43fb960b160e81b7f8e8fdfbf65436da5e24","/assets/SettingsPage-BvTjwwSN.js":"1271040e8516e2468585cbc365b01ffb644fe36829699cf61ce3741554b38aea","/assets/RegisterPage-BvN6q031.js":"6346e46abbe5ad7279236d26989c93c11e87a1ee05db7da9954f5ef4b204ee2f","/favicon.svg":"44fea64ea0b4986cf22dbc28741fe402f021baf13dbd2cc8ce6aa04b24300573","/assets/PendingCustomersPage-DePCsxuU.js":"bdefe2384d0c7e3009078e89117b71702d5bdcd52a7a2822086049a8f7bdee08","/assets/OverdueEMIPage-Ce-2uyK2.js":"3b44f7a86d25bf626212a7c8fd107c2ee9fda8f209947190bb20fdbc8148d134","/assets/NotificationsPage-s1VnD0mr.js":"94bdf411947af2fadffba85af80c758efa0cdb699b2c1bcce5df0ef85aac76a2","/assets/PenaltyDetailsPage-Ck4jbqM4.js":"1393885d99f601a7a3e58843acfc65b3ed3f744b66c68e72b79520bf761fe6b1","/icons.svg":"a71fc7c82918feffdb1e7e59f1b494531849b1025cedc75bc6c0dfa2a941d54d","/assets/NotFoundPage-CG2u8skr.js":"1b1cfb3152c70c6d24d58626c6a600b4899e64de860efb697e3f6666075133fb","/assets/manrope-vietnamese-600-normal-lA7a_7Ok.woff":"e86e6c461a5d59c75e4f0232d617926b2dabb48c15ffcdbffd2de9a0585aa38e","/assets/manrope-vietnamese-600-normal-C1J5PCl_.woff2":"6f7a17dcc12c0ef98f37df37cd0e97ce61d24df2ddabfd30f59ade45496535a7","/assets/manrope-vietnamese-700-normal-pt65Fn2Z.woff":"2f4d1dd9cdbe18dded2bdf3ede4559b2686f0300dcdc4af3e006db4ffd6f9026","/assets/manrope-vietnamese-700-normal-CUqMx5-1.woff2":"60e65f047a34a3478817d680f050f56aa52e7ded0d516862fb11cd2f98dada1b","/assets/manrope-latin-ext-600-normal-_gBojHdJ.woff2":"3e215da79f5646fb50eb51dd01472fa300042c58ab85621eae7d865e26fa36b2","/assets/manrope-latin-ext-700-normal-DYOwVNan.woff2":"f17aab3b4808ebadd53ac9f5e8bc198daf0626f98057093ac64048f427b5bfe0","/assets/manrope-latin-700-normal-BZp_XxE4.woff2":"1044a9f092e1ba17c6d5c17414bc50408591491d279595a7d0b0a4c635ab95db","/assets/manrope-latin-ext-700-normal-eVCcYqtJ.woff":"552d9cdac241dffe45b75c007409006d11b2b115dbe7443cb144266f501b799f","/assets/manrope-latin-600-normal-4f0koTD-.woff2":"a76201f3396b53161e68b77f667a3f7a162a5615ab0a80268aed0e0fa15b05b0","/assets/manrope-greek-700-normal-DyfsrCpP.woff":"22496c84e22765560de2fb73abf162a5d6fce7b5757f36beb095d8bc2bf14f24","/assets/manrope-greek-700-normal-CHUG9PD8.woff2":"b99dbe50f7eae3a71296132dba7ec69bcaeac2457b82c1864dd2d8e567f2f136","/assets/manrope-latin-ext-600-normal-u5Pl7hTU.woff":"fa54a0152ff2e4bc71a86daba0e64706ac495343692aaa4b3d7f805ae9d0f1a9","/assets/manrope-greek-600-normal-CF2i9ZRY.woff":"d4daefd7cf2c3f6baf12ba1699a49b69144ca01af741d0b317bae4944999fc4f","/assets/manrope-cyrillic-700-normal-Dw_fZAg2.woff2":"bb9e2745c4e7efe8cb616d3b75760c2b9d92f9301ea8a8db9c28be2a49006107","/assets/manrope-greek-600-normal-BoRV6lzK.woff2":"08d9f2dfcde86c1fd7094153f344dc112cb026bce50dc264cb379a8c10e9bb73","/assets/manrope-cyrillic-600-normal-It4mZcQk.woff":"078932f8e67c15d446922cc3a0e11c61ceaa804b7d5ca38e088c612dbfdd2f53","/assets/loanService-D178EObT.js":"34374d3d6692e6232229e9df24701f0b38a0be98a2c00269aeb751b0a055edb0","/assets/manrope-cyrillic-700-normal-7JNVKxyl.woff":"362b620e8834b0d752e652eb97b5b27f8b2ee720aacf776997ed6fe6e45b0cec","/assets/LoginPage-DmvTBQk8.js":"1c111e16e1578d7a2661391c051351226853e7497b0524f4e963b3f3e024b391","/assets/manrope-cyrillic-600-normal-DvRl3Mj-.woff2":"2537862b442ee5d5285bf9277c1e03d2204c6e0bfd1bfd1372d87b3cd695024e","/assets/LoanDetailsPage-B-edzLpL.js":"02c4eb27c3094fdb15ce4587396257f9f175fa5b7ce5286c19adaac9ea172107","/assets/jsx-runtime-B6doAwFl.js":"fd09a537b18273c17dde56b9d3c23fb5b61437d02afdc8f27d4e81bbc1f5affa","/assets/LoanPage-CepWaASM.js":"21e5e47c8c39c4897f58c6c855aba887536e150bb1da6d606a246577849987c3","/assets/format-C28d9KVE.js":"a7105764302168c752227f101a187e72dca43a3ce89cf6149f09f2be30cb8f5a","/assets/iconBase-CGlVIVYk.js":"301eec146d27869587e0f0f808dccae95cff529ad74bd30407d271e1f655945e","/assets/EditCustomerPage-DuyrO_Hg.js":"e86213122769370c66efd0661f68b92e9e5a603c626393689c45cc00d0eabc38","/assets/EMIPaymentPage-DbehI6b2.js":"74cadb4426079a868ee5952fc867efc076fd477bf04cf865548ccd81dfb33e4b","/assets/dm-sans-latin-ext-500-normal-BJfUCQsA.woff2":"4f2870be4d0c232d1bfda5d50cb1d280cac5707f12742f7591228c734d17f40f","/assets/dm-sans-latin-ext-500-normal-DR84L5F-.woff":"8fd1b63617d7c9d5f6791db99799956a36b23cf20ca69efcadc2740648a52127","/assets/dm-sans-latin-ext-400-normal-BtiwyxMk.woff2":"a7680dee0c85109bf389d3974594dec22bb0188866d284205b78b1f1dc70a22c","/assets/index-CgtFAc39.css":"53053108553d4751ad308b005b964cf8c8c4ecff5796ecfb3a6145b61fcb743c","/assets/dm-sans-latin-ext-400-normal-BjWJ59Pq.woff":"ce2601cf9bd4dc79b4fcf8de5b611759f213e36695c30c574d793b8f27a078b1","/assets/dm-sans-latin-500-normal-B9HHJjqV.woff2":"142561f94637ba8059b5a02500ae91f7c574d3ab5d4d58d8019151aaa2bee754","/assets/manrope-latin-700-normal-DGRFkw-m.woff":"8fced0054076e3f8c859bdd681b96d15ab0b2d1d7ea33b4d3233f35330ac0b63","/assets/manrope-latin-600-normal-BqgrALkZ.woff":"63d109dc347a28ea28beca5b0669da9ee76ac86259399f938630c4747f651708","/assets/dm-sans-latin-500-normal-Dr3UlScf.woff":"6e48369a30d0e1df4616c3365d8c3ef4d3aa9baff6cb587dbb3f5dbf2b18392e","/assets/date--oMNSqjp.js":"5eb8226eb7202cefb0175af25da1399b204f11172bb74527b8b3ba0d14f84032","/assets/dm-sans-latin-400-normal-CW0RaeGs.woff2":"6229ffbe77dbbd00a86ce64febb29d9a95c58b123af526c9b748140b8ee6310f","/assets/DashboardPage-wSe0iscG.js":"faae8041cc898cb4c7b2c868e10d1577382b4fc538e1251d394bed6dea7c40da","/assets/DailyCollectionPage-liMw2RfZ.js":"3bcb67d6b3f5f57085336bca5201414cb5eaec6f48900b2bc0612d63ba254258","/assets/CustomersPage-Cl5wyVUW.js":"5e70a2a532e3db31b67b2fe600a9c7970822493b93164d8ae0d50e78439835f6","/assets/customerService-BZIOs7be.js":"894fae912c8d36fbd74cd2d3eb721d7a18a06f6c50034284291c184a889e3ed7","/assets/CustomerForm-cOyNiv49.js":"27911918ae5ddab88fc1b93eae8c3b8457e8549782d3a0617ef190c358cd31b6","/assets/CustomerDetailsPage-BH15PbWo.js":"7cf5784db766dbbb71af57651c24b634fda02790f64342e94c41428d7341e7ba","/assets/CollectionTable-Fe1rPxOb.js":"08146d633902035ebab0fae7f957c5630eb05526aeeb09b9d4ab69ef246eed9f","/assets/collectionService-C_mzsGj1.js":"0e4acded48609dd9b7f2a56c2bf6e0c39f07d3e779e4d5b8ea56e593448a0239","/assets/CollectionHistoryPage-DcVFi7Rc.js":"85aa4eb5bff1f2e9ce9ce57eb794513be3a29f6ae470b41390e0817823577265","/assets/AddCustomerPage-CqRPW_qp.js":"2e946b04c893ecf3a3e4d120ecb31ec344aa68ea3b8de2441380e2f3e985f071","/assets/dm-sans-latin-400-normal-BwCSEQnW.woff":"57eda5ed270c55e07f6effca1216dc7a6e9b8a54164facc9d0287a00a81e6e03","/assets/index-PxXGCN6_.js":"b4c20aee7983ce2ef073ab638bedf2f1525f0d688acdbf2e77fe69a4af10602b","/assets/ReportsPage-DzvTZHbm.js":"67b17b2111c042b45c8dfd2578bbaa4a78e9ca0cd9e21da36b483717d256167b","/assets/firestoreService-CvdRUmO6.js":"ed7e780a63d4e25b4739715e3ef8037e734be5ef045a916c6f234e2cec1254ee"}}
[debug] [2026-05-15T14:04:10.258Z] <<< [apiv2][status] POST https://firebasehosting.googleapis.com/v1beta1/projects/520682493376/sites/daily-collection-management/versions/adaf2dd997f78a1e:populateFiles 200
[debug] [2026-05-15T14:04:10.258Z] <<< [apiv2][body] POST https://firebasehosting.googleapis.com/v1beta1/projects/520682493376/sites/daily-collection-management/versions/adaf2dd997f78a1e:populateFiles {"uploadRequiredHashes":["894fae912c8d36fbd74cd2d3eb721d7a18a06f6c50034284291c184a889e3ed7","27911918ae5ddab88fc1b93eae8c3b8457e8549782d3a0617ef190c358cd31b6","2e946b04c893ecf3a3e4d120ecb31ec344aa68ea3b8de2441380e2f3e985f071","1b1cfb3152c70c6d24d58626c6a600b4899e64de860efb697e3f6666075133fb","5e70a2a532e3db31b67b2fe600a9c7970822493b93164d8ae0d50e78439835f6","bdefe2384d0c7e3009078e89117b71702d5bdcd52a7a2822086049a8f7bdee08","e86213122769370c66efd0661f68b92e9e5a603c626393689c45cc00d0eabc38","1271040e8516e2468585cbc365b01ffb644fe36829699cf61ce3741554b38aea","7cf5784db766dbbb71af57651c24b634fda02790f64342e94c41428d7341e7ba","74cadb4426079a868ee5952fc867efc076fd477bf04cf865548ccd81dfb33e4b","34374d3d6692e6232229e9df24701f0b38a0be98a2c00269aeb751b0a055edb0","67b17b2111c042b45c8dfd2578bbaa4a78e9ca0cd9e21da36b483717d256167b","08146d633902035ebab0fae7f957c5630eb05526aeeb09b9d4ab69ef246eed9f","6346e46abbe5ad7279236d26989c93c11e87a1ee05db7da9954f5ef4b204ee2f","b4c20aee7983ce2ef073ab638bedf2f1525f0d688acdbf2e77fe69a4af10602b","1c111e16e1578d7a2661391c051351226853e7497b0524f4e963b3f3e024b391","0e4acded48609dd9b7f2a56c2bf6e0c39f07d3e779e4d5b8ea56e593448a0239","3bcb67d6b3f5f57085336bca5201414cb5eaec6f48900b2bc0612d63ba254258","ed7e780a63d4e25b4739715e3ef8037e734be5ef045a916c6f234e2cec1254ee","08979bc6427071d72570b80a400f43fb960b160e81b7f8e8fdfbf65436da5e24","85aa4eb5bff1f2e9ce9ce57eb794513be3a29f6ae470b41390e0817823577265","1393885d99f601a7a3e58843acfc65b3ed3f744b66c68e72b79520bf761fe6b1","3b44f7a86d25bf626212a7c8fd107c2ee9fda8f209947190bb20fdbc8148d134","534fa0882759409cc2d3a2d7a949f75dff5109bdc9b67a2e5845939482c52f53","94bdf411947af2fadffba85af80c758efa0cdb699b2c1bcce5df0ef85aac76a2","faae8041cc898cb4c7b2c868e10d1577382b4fc538e1251d394bed6dea7c40da","21e5e47c8c39c4897f58c6c855aba887536e150bb1da6d606a246577849987c3","02c4eb27c3094fdb15ce4587396257f9f175fa5b7ce5286c19adaac9ea172107"],"uploadUrl":"https://upload-firebasehosting.googleapis.com/upload/sites/daily-collection-management/versions/adaf2dd997f78a1e/files"}
[debug] [2026-05-15T14:04:10.259Z] Checked if tokens are valid: true, expires at: 1778855229287
[debug] [2026-05-15T14:04:10.259Z] Checked if tokens are valid: true, expires at: 1778855229287
[debug] [2026-05-15T14:04:10.259Z] Checked if tokens are valid: true, expires at: 1778855229287
[debug] [2026-05-15T14:04:10.259Z] Checked if tokens are valid: true, expires at: 1778855229287
[debug] [2026-05-15T14:04:10.260Z] Checked if tokens are valid: true, expires at: 1778855229287
[debug] [2026-05-15T14:04:10.260Z] Checked if tokens are valid: true, expires at: 1778855229287
[debug] [2026-05-15T14:04:10.260Z] Checked if tokens are valid: true, expires at: 1778855229287
[debug] [2026-05-15T14:04:10.260Z] Checked if tokens are valid: true, expires at: 1778855229287
[debug] [2026-05-15T14:04:10.260Z] Checked if tokens are valid: true, expires at: 1778855229287
[debug] [2026-05-15T14:04:10.260Z] Checked if tokens are valid: true, expires at: 1778855229287
[debug] [2026-05-15T14:04:10.261Z] Checked if tokens are valid: true, expires at: 1778855229287
[debug] [2026-05-15T14:04:10.261Z] Checked if tokens are valid: true, expires at: 1778855229287
[debug] [2026-05-15T14:04:10.261Z] Checked if tokens are valid: true, expires at: 1778855229287
[debug] [2026-05-15T14:04:10.261Z] Checked if tokens are valid: true, expires at: 1778855229287
[debug] [2026-05-15T14:04:10.261Z] Checked if tokens are valid: true, expires at: 1778855229287
[debug] [2026-05-15T14:04:10.261Z] Checked if tokens are valid: true, expires at: 1778855229287
[debug] [2026-05-15T14:04:10.261Z] Checked if tokens are valid: true, expires at: 1778855229287
[debug] [2026-05-15T14:04:10.262Z] Checked if tokens are valid: true, expires at: 1778855229287
[debug] [2026-05-15T14:04:10.262Z] Checked if tokens are valid: true, expires at: 1778855229287
[debug] [2026-05-15T14:04:10.262Z] Checked if tokens are valid: true, expires at: 1778855229287
[debug] [2026-05-15T14:04:10.262Z] Checked if tokens are valid: true, expires at: 1778855229287
[debug] [2026-05-15T14:04:10.262Z] Checked if tokens are valid: true, expires at: 1778855229287
[debug] [2026-05-15T14:04:10.262Z] Checked if tokens are valid: true, expires at: 1778855229287
[debug] [2026-05-15T14:04:10.262Z] Checked if tokens are valid: true, expires at: 1778855229287
[debug] [2026-05-15T14:04:10.263Z] Checked if tokens are valid: true, expires at: 1778855229287
[debug] [2026-05-15T14:04:10.263Z] Checked if tokens are valid: true, expires at: 1778855229287
[debug] [2026-05-15T14:04:10.263Z] Checked if tokens are valid: true, expires at: 1778855229287
[debug] [2026-05-15T14:04:10.263Z] Checked if tokens are valid: true, expires at: 1778855229287
[debug] [2026-05-15T14:04:10.263Z] Checked if tokens are valid: true, expires at: 1778855229287
[debug] [2026-05-15T14:04:10.263Z] Checked if tokens are valid: true, expires at: 1778855229287
[debug] [2026-05-15T14:04:10.263Z] Checked if tokens are valid: true, expires at: 1778855229287
[debug] [2026-05-15T14:04:10.263Z] Checked if tokens are valid: true, expires at: 1778855229287
[debug] [2026-05-15T14:04:10.264Z] Checked if tokens are valid: true, expires at: 1778855229287
[debug] [2026-05-15T14:04:10.264Z] Checked if tokens are valid: true, expires at: 1778855229287
[debug] [2026-05-15T14:04:10.264Z] Checked if tokens are valid: true, expires at: 1778855229287
[debug] [2026-05-15T14:04:10.264Z] Checked if tokens are valid: true, expires at: 1778855229287
[debug] [2026-05-15T14:04:10.264Z] Checked if tokens are valid: true, expires at: 1778855229287
[debug] [2026-05-15T14:04:10.264Z] Checked if tokens are valid: true, expires at: 1778855229287
[debug] [2026-05-15T14:04:10.264Z] Checked if tokens are valid: true, expires at: 1778855229287
[debug] [2026-05-15T14:04:10.264Z] Checked if tokens are valid: true, expires at: 1778855229287
[debug] [2026-05-15T14:04:10.264Z] Checked if tokens are valid: true, expires at: 1778855229287
[debug] [2026-05-15T14:04:10.264Z] Checked if tokens are valid: true, expires at: 1778855229287
[debug] [2026-05-15T14:04:10.265Z] Checked if tokens are valid: true, expires at: 1778855229287
[debug] [2026-05-15T14:04:10.265Z] Checked if tokens are valid: true, expires at: 1778855229287
[debug] [2026-05-15T14:04:10.265Z] Checked if tokens are valid: true, expires at: 1778855229287
[debug] [2026-05-15T14:04:10.265Z] Checked if tokens are valid: true, expires at: 1778855229287
[debug] [2026-05-15T14:04:10.265Z] Checked if tokens are valid: true, expires at: 1778855229287
[debug] [2026-05-15T14:04:10.265Z] Checked if tokens are valid: true, expires at: 1778855229287
[debug] [2026-05-15T14:04:10.265Z] Checked if tokens are valid: true, expires at: 1778855229287
[debug] [2026-05-15T14:04:10.265Z] Checked if tokens are valid: true, expires at: 1778855229287
[debug] [2026-05-15T14:04:10.266Z] Checked if tokens are valid: true, expires at: 1778855229287
[debug] [2026-05-15T14:04:10.266Z] Checked if tokens are valid: true, expires at: 1778855229287
[debug] [2026-05-15T14:04:10.266Z] Checked if tokens are valid: true, expires at: 1778855229287
[debug] [2026-05-15T14:04:10.266Z] Checked if tokens are valid: true, expires at: 1778855229287
[debug] [2026-05-15T14:04:10.266Z] Checked if tokens are valid: true, expires at: 1778855229287
[debug] [2026-05-15T14:04:10.266Z] Checked if tokens are valid: true, expires at: 1778855229287
[debug] [2026-05-15T14:04:10.266Z] >>> [apiv2][query] POST https://upload-firebasehosting.googleapis.com/upload/sites/daily-collection-management/versions/adaf2dd997f78a1e/files/894fae912c8d36fbd74cd2d3eb721d7a18a06f6c50034284291c184a889e3ed7 [none]
[debug] [2026-05-15T14:04:10.267Z] >>> [apiv2][body] POST https://upload-firebasehosting.googleapis.com/upload/sites/daily-collection-management/versions/adaf2dd997f78a1e/files/894fae912c8d36fbd74cd2d3eb721d7a18a06f6c50034284291c184a889e3ed7 [stream]
[debug] [2026-05-15T14:04:10.268Z] >>> [apiv2][query] POST https://upload-firebasehosting.googleapis.com/upload/sites/daily-collection-management/versions/adaf2dd997f78a1e/files/27911918ae5ddab88fc1b93eae8c3b8457e8549782d3a0617ef190c358cd31b6 [none]
[debug] [2026-05-15T14:04:10.268Z] >>> [apiv2][body] POST https://upload-firebasehosting.googleapis.com/upload/sites/daily-collection-management/versions/adaf2dd997f78a1e/files/27911918ae5ddab88fc1b93eae8c3b8457e8549782d3a0617ef190c358cd31b6 [stream]
[debug] [2026-05-15T14:04:10.270Z] >>> [apiv2][query] POST https://upload-firebasehosting.googleapis.com/upload/sites/daily-collection-management/versions/adaf2dd997f78a1e/files/2e946b04c893ecf3a3e4d120ecb31ec344aa68ea3b8de2441380e2f3e985f071 [none]
[debug] [2026-05-15T14:04:10.270Z] >>> [apiv2][body] POST https://upload-firebasehosting.googleapis.com/upload/sites/daily-collection-management/versions/adaf2dd997f78a1e/files/2e946b04c893ecf3a3e4d120ecb31ec344aa68ea3b8de2441380e2f3e985f071 [stream]
[debug] [2026-05-15T14:04:10.271Z] >>> [apiv2][query] POST https://upload-firebasehosting.googleapis.com/upload/sites/daily-collection-management/versions/adaf2dd997f78a1e/files/1b1cfb3152c70c6d24d58626c6a600b4899e64de860efb697e3f6666075133fb [none]
[debug] [2026-05-15T14:04:10.271Z] >>> [apiv2][body] POST https://upload-firebasehosting.googleapis.com/upload/sites/daily-collection-management/versions/adaf2dd997f78a1e/files/1b1cfb3152c70c6d24d58626c6a600b4899e64de860efb697e3f6666075133fb [stream]
[debug] [2026-05-15T14:04:10.272Z] >>> [apiv2][query] POST https://upload-firebasehosting.googleapis.com/upload/sites/daily-collection-management/versions/adaf2dd997f78a1e/files/5e70a2a532e3db31b67b2fe600a9c7970822493b93164d8ae0d50e78439835f6 [none]
[debug] [2026-05-15T14:04:10.272Z] >>> [apiv2][body] POST https://upload-firebasehosting.googleapis.com/upload/sites/daily-collection-management/versions/adaf2dd997f78a1e/files/5e70a2a532e3db31b67b2fe600a9c7970822493b93164d8ae0d50e78439835f6 [stream]
[debug] [2026-05-15T14:04:10.273Z] >>> [apiv2][query] POST https://upload-firebasehosting.googleapis.com/upload/sites/daily-collection-management/versions/adaf2dd997f78a1e/files/bdefe2384d0c7e3009078e89117b71702d5bdcd52a7a2822086049a8f7bdee08 [none]
[debug] [2026-05-15T14:04:10.273Z] >>> [apiv2][body] POST https://upload-firebasehosting.googleapis.com/upload/sites/daily-collection-management/versions/adaf2dd997f78a1e/files/bdefe2384d0c7e3009078e89117b71702d5bdcd52a7a2822086049a8f7bdee08 [stream]
[debug] [2026-05-15T14:04:10.273Z] >>> [apiv2][query] POST https://upload-firebasehosting.googleapis.com/upload/sites/daily-collection-management/versions/adaf2dd997f78a1e/files/e86213122769370c66efd0661f68b92e9e5a603c626393689c45cc00d0eabc38 [none]
[debug] [2026-05-15T14:04:10.274Z] >>> [apiv2][body] POST https://upload-firebasehosting.googleapis.com/upload/sites/daily-collection-management/versions/adaf2dd997f78a1e/files/e86213122769370c66efd0661f68b92e9e5a603c626393689c45cc00d0eabc38 [stream]
[debug] [2026-05-15T14:04:10.274Z] >>> [apiv2][query] POST https://upload-firebasehosting.googleapis.com/upload/sites/daily-collection-management/versions/adaf2dd997f78a1e/files/1271040e8516e2468585cbc365b01ffb644fe36829699cf61ce3741554b38aea [none]
[debug] [2026-05-15T14:04:10.274Z] >>> [apiv2][body] POST https://upload-firebasehosting.googleapis.com/upload/sites/daily-collection-management/versions/adaf2dd997f78a1e/files/1271040e8516e2468585cbc365b01ffb644fe36829699cf61ce3741554b38aea [stream]
[debug] [2026-05-15T14:04:10.275Z] >>> [apiv2][query] POST https://upload-firebasehosting.googleapis.com/upload/sites/daily-collection-management/versions/adaf2dd997f78a1e/files/7cf5784db766dbbb71af57651c24b634fda02790f64342e94c41428d7341e7ba [none]
[debug] [2026-05-15T14:04:10.275Z] >>> [apiv2][body] POST https://upload-firebasehosting.googleapis.com/upload/sites/daily-collection-management/versions/adaf2dd997f78a1e/files/7cf5784db766dbbb71af57651c24b634fda02790f64342e94c41428d7341e7ba [stream]
[debug] [2026-05-15T14:04:10.275Z] >>> [apiv2][query] POST https://upload-firebasehosting.googleapis.com/upload/sites/daily-collection-management/versions/adaf2dd997f78a1e/files/74cadb4426079a868ee5952fc867efc076fd477bf04cf865548ccd81dfb33e4b [none]
[debug] [2026-05-15T14:04:10.275Z] >>> [apiv2][body] POST https://upload-firebasehosting.googleapis.com/upload/sites/daily-collection-management/versions/adaf2dd997f78a1e/files/74cadb4426079a868ee5952fc867efc076fd477bf04cf865548ccd81dfb33e4b [stream]
[debug] [2026-05-15T14:04:10.276Z] >>> [apiv2][query] POST https://upload-firebasehosting.googleapis.com/upload/sites/daily-collection-management/versions/adaf2dd997f78a1e/files/34374d3d6692e6232229e9df24701f0b38a0be98a2c00269aeb751b0a055edb0 [none]
[debug] [2026-05-15T14:04:10.276Z] >>> [apiv2][body] POST https://upload-firebasehosting.googleapis.com/upload/sites/daily-collection-management/versions/adaf2dd997f78a1e/files/34374d3d6692e6232229e9df24701f0b38a0be98a2c00269aeb751b0a055edb0 [stream]
[debug] [2026-05-15T14:04:10.276Z] >>> [apiv2][query] POST https://upload-firebasehosting.googleapis.com/upload/sites/daily-collection-management/versions/adaf2dd997f78a1e/files/67b17b2111c042b45c8dfd2578bbaa4a78e9ca0cd9e21da36b483717d256167b [none]
[debug] [2026-05-15T14:04:10.276Z] >>> [apiv2][body] POST https://upload-firebasehosting.googleapis.com/upload/sites/daily-collection-management/versions/adaf2dd997f78a1e/files/67b17b2111c042b45c8dfd2578bbaa4a78e9ca0cd9e21da36b483717d256167b [stream]
[debug] [2026-05-15T14:04:10.277Z] >>> [apiv2][query] POST https://upload-firebasehosting.googleapis.com/upload/sites/daily-collection-management/versions/adaf2dd997f78a1e/files/08146d633902035ebab0fae7f957c5630eb05526aeeb09b9d4ab69ef246eed9f [none]
[debug] [2026-05-15T14:04:10.277Z] >>> [apiv2][body] POST https://upload-firebasehosting.googleapis.com/upload/sites/daily-collection-management/versions/adaf2dd997f78a1e/files/08146d633902035ebab0fae7f957c5630eb05526aeeb09b9d4ab69ef246eed9f [stream]
[debug] [2026-05-15T14:04:10.278Z] >>> [apiv2][query] POST https://upload-firebasehosting.googleapis.com/upload/sites/daily-collection-management/versions/adaf2dd997f78a1e/files/6346e46abbe5ad7279236d26989c93c11e87a1ee05db7da9954f5ef4b204ee2f [none]
[debug] [2026-05-15T14:04:10.278Z] >>> [apiv2][body] POST https://upload-firebasehosting.googleapis.com/upload/sites/daily-collection-management/versions/adaf2dd997f78a1e/files/6346e46abbe5ad7279236d26989c93c11e87a1ee05db7da9954f5ef4b204ee2f [stream]
[debug] [2026-05-15T14:04:10.279Z] >>> [apiv2][query] POST https://upload-firebasehosting.googleapis.com/upload/sites/daily-collection-management/versions/adaf2dd997f78a1e/files/b4c20aee7983ce2ef073ab638bedf2f1525f0d688acdbf2e77fe69a4af10602b [none]
[debug] [2026-05-15T14:04:10.279Z] >>> [apiv2][body] POST https://upload-firebasehosting.googleapis.com/upload/sites/daily-collection-management/versions/adaf2dd997f78a1e/files/b4c20aee7983ce2ef073ab638bedf2f1525f0d688acdbf2e77fe69a4af10602b [stream]
[debug] [2026-05-15T14:04:10.280Z] >>> [apiv2][query] POST https://upload-firebasehosting.googleapis.com/upload/sites/daily-collection-management/versions/adaf2dd997f78a1e/files/1c111e16e1578d7a2661391c051351226853e7497b0524f4e963b3f3e024b391 [none]
[debug] [2026-05-15T14:04:10.280Z] >>> [apiv2][body] POST https://upload-firebasehosting.googleapis.com/upload/sites/daily-collection-management/versions/adaf2dd997f78a1e/files/1c111e16e1578d7a2661391c051351226853e7497b0524f4e963b3f3e024b391 [stream]
[debug] [2026-05-15T14:04:10.281Z] >>> [apiv2][query] POST https://upload-firebasehosting.googleapis.com/upload/sites/daily-collection-management/versions/adaf2dd997f78a1e/files/0e4acded48609dd9b7f2a56c2bf6e0c39f07d3e779e4d5b8ea56e593448a0239 [none]
[debug] [2026-05-15T14:04:10.281Z] >>> [apiv2][body] POST https://upload-firebasehosting.googleapis.com/upload/sites/daily-collection-management/versions/adaf2dd997f78a1e/files/0e4acded48609dd9b7f2a56c2bf6e0c39f07d3e779e4d5b8ea56e593448a0239 [stream]
[debug] [2026-05-15T14:04:10.282Z] >>> [apiv2][query] POST https://upload-firebasehosting.googleapis.com/upload/sites/daily-collection-management/versions/adaf2dd997f78a1e/files/3bcb67d6b3f5f57085336bca5201414cb5eaec6f48900b2bc0612d63ba254258 [none]
[debug] [2026-05-15T14:04:10.282Z] >>> [apiv2][body] POST https://upload-firebasehosting.googleapis.com/upload/sites/daily-collection-management/versions/adaf2dd997f78a1e/files/3bcb67d6b3f5f57085336bca5201414cb5eaec6f48900b2bc0612d63ba254258 [stream]
[debug] [2026-05-15T14:04:10.282Z] >>> [apiv2][query] POST https://upload-firebasehosting.googleapis.com/upload/sites/daily-collection-management/versions/adaf2dd997f78a1e/files/ed7e780a63d4e25b4739715e3ef8037e734be5ef045a916c6f234e2cec1254ee [none]
[debug] [2026-05-15T14:04:10.282Z] >>> [apiv2][body] POST https://upload-firebasehosting.googleapis.com/upload/sites/daily-collection-management/versions/adaf2dd997f78a1e/files/ed7e780a63d4e25b4739715e3ef8037e734be5ef045a916c6f234e2cec1254ee [stream]
[debug] [2026-05-15T14:04:10.283Z] >>> [apiv2][query] POST https://upload-firebasehosting.googleapis.com/upload/sites/daily-collection-management/versions/adaf2dd997f78a1e/files/08979bc6427071d72570b80a400f43fb960b160e81b7f8e8fdfbf65436da5e24 [none]
[debug] [2026-05-15T14:04:10.283Z] >>> [apiv2][body] POST https://upload-firebasehosting.googleapis.com/upload/sites/daily-collection-management/versions/adaf2dd997f78a1e/files/08979bc6427071d72570b80a400f43fb960b160e81b7f8e8fdfbf65436da5e24 [stream]
[debug] [2026-05-15T14:04:10.283Z] >>> [apiv2][query] POST https://upload-firebasehosting.googleapis.com/upload/sites/daily-collection-management/versions/adaf2dd997f78a1e/files/85aa4eb5bff1f2e9ce9ce57eb794513be3a29f6ae470b41390e0817823577265 [none]
[debug] [2026-05-15T14:04:10.283Z] >>> [apiv2][body] POST https://upload-firebasehosting.googleapis.com/upload/sites/daily-collection-management/versions/adaf2dd997f78a1e/files/85aa4eb5bff1f2e9ce9ce57eb794513be3a29f6ae470b41390e0817823577265 [stream]
[debug] [2026-05-15T14:04:10.284Z] >>> [apiv2][query] POST https://upload-firebasehosting.googleapis.com/upload/sites/daily-collection-management/versions/adaf2dd997f78a1e/files/1393885d99f601a7a3e58843acfc65b3ed3f744b66c68e72b79520bf761fe6b1 [none]
[debug] [2026-05-15T14:04:10.284Z] >>> [apiv2][body] POST https://upload-firebasehosting.googleapis.com/upload/sites/daily-collection-management/versions/adaf2dd997f78a1e/files/1393885d99f601a7a3e58843acfc65b3ed3f744b66c68e72b79520bf761fe6b1 [stream]
[debug] [2026-05-15T14:04:10.285Z] >>> [apiv2][query] POST https://upload-firebasehosting.googleapis.com/upload/sites/daily-collection-management/versions/adaf2dd997f78a1e/files/3b44f7a86d25bf626212a7c8fd107c2ee9fda8f209947190bb20fdbc8148d134 [none]
[debug] [2026-05-15T14:04:10.285Z] >>> [apiv2][body] POST https://upload-firebasehosting.googleapis.com/upload/sites/daily-collection-management/versions/adaf2dd997f78a1e/files/3b44f7a86d25bf626212a7c8fd107c2ee9fda8f209947190bb20fdbc8148d134 [stream]
[debug] [2026-05-15T14:04:10.286Z] >>> [apiv2][query] POST https://upload-firebasehosting.googleapis.com/upload/sites/daily-collection-management/versions/adaf2dd997f78a1e/files/534fa0882759409cc2d3a2d7a949f75dff5109bdc9b67a2e5845939482c52f53 [none]
[debug] [2026-05-15T14:04:10.286Z] >>> [apiv2][body] POST https://upload-firebasehosting.googleapis.com/upload/sites/daily-collection-management/versions/adaf2dd997f78a1e/files/534fa0882759409cc2d3a2d7a949f75dff5109bdc9b67a2e5845939482c52f53 [stream]
[debug] [2026-05-15T14:04:10.287Z] >>> [apiv2][query] POST https://upload-firebasehosting.googleapis.com/upload/sites/daily-collection-management/versions/adaf2dd997f78a1e/files/94bdf411947af2fadffba85af80c758efa0cdb699b2c1bcce5df0ef85aac76a2 [none]
[debug] [2026-05-15T14:04:10.287Z] >>> [apiv2][body] POST https://upload-firebasehosting.googleapis.com/upload/sites/daily-collection-management/versions/adaf2dd997f78a1e/files/94bdf411947af2fadffba85af80c758efa0cdb699b2c1bcce5df0ef85aac76a2 [stream]
[debug] [2026-05-15T14:04:10.287Z] >>> [apiv2][query] POST https://upload-firebasehosting.googleapis.com/upload/sites/daily-collection-management/versions/adaf2dd997f78a1e/files/faae8041cc898cb4c7b2c868e10d1577382b4fc538e1251d394bed6dea7c40da [none]
[debug] [2026-05-15T14:04:10.287Z] >>> [apiv2][body] POST https://upload-firebasehosting.googleapis.com/upload/sites/daily-collection-management/versions/adaf2dd997f78a1e/files/faae8041cc898cb4c7b2c868e10d1577382b4fc538e1251d394bed6dea7c40da [stream]
[debug] [2026-05-15T14:04:10.288Z] >>> [apiv2][query] POST https://upload-firebasehosting.googleapis.com/upload/sites/daily-collection-management/versions/adaf2dd997f78a1e/files/21e5e47c8c39c4897f58c6c855aba887536e150bb1da6d606a246577849987c3 [none]
[debug] [2026-05-15T14:04:10.288Z] >>> [apiv2][body] POST https://upload-firebasehosting.googleapis.com/upload/sites/daily-collection-management/versions/adaf2dd997f78a1e/files/21e5e47c8c39c4897f58c6c855aba887536e150bb1da6d606a246577849987c3 [stream]
[debug] [2026-05-15T14:04:10.289Z] >>> [apiv2][query] POST https://upload-firebasehosting.googleapis.com/upload/sites/daily-collection-management/versions/adaf2dd997f78a1e/files/02c4eb27c3094fdb15ce4587396257f9f175fa5b7ce5286c19adaac9ea172107 [none]
[debug] [2026-05-15T14:04:10.289Z] >>> [apiv2][body] POST https://upload-firebasehosting.googleapis.com/upload/sites/daily-collection-management/versions/adaf2dd997f78a1e/files/02c4eb27c3094fdb15ce4587396257f9f175fa5b7ce5286c19adaac9ea172107 [stream]
[debug] [2026-05-15T14:04:10.289Z] [hosting][populate queue][FINAL] {"max":1511,"min":1511,"avg":1511,"active":0,"complete":1,"success":1,"errored":0,"retried":0,"total":1,"elapsed":1534}
[debug] [2026-05-15T14:04:10.290Z] [hosting] uploads queued: 28
[info] i  hosting: uploading new files [0/28] (0%) 
[debug] [2026-05-15T14:04:12.334Z] <<< [apiv2][status] POST https://upload-firebasehosting.googleapis.com/upload/sites/daily-collection-management/versions/adaf2dd997f78a1e/files/0e4acded48609dd9b7f2a56c2bf6e0c39f07d3e779e4d5b8ea56e593448a0239 200
[debug] [2026-05-15T14:04:12.335Z] <<< [apiv2][body] POST https://upload-firebasehosting.googleapis.com/upload/sites/daily-collection-management/versions/adaf2dd997f78a1e/files/0e4acded48609dd9b7f2a56c2bf6e0c39f07d3e779e4d5b8ea56e593448a0239 [stream]
[debug] [2026-05-15T14:04:12.335Z] <<< [apiv2][status] POST https://upload-firebasehosting.googleapis.com/upload/sites/daily-collection-management/versions/adaf2dd997f78a1e/files/21e5e47c8c39c4897f58c6c855aba887536e150bb1da6d606a246577849987c3 200
[debug] [2026-05-15T14:04:12.335Z] <<< [apiv2][body] POST https://upload-firebasehosting.googleapis.com/upload/sites/daily-collection-management/versions/adaf2dd997f78a1e/files/21e5e47c8c39c4897f58c6c855aba887536e150bb1da6d606a246577849987c3 [stream]
[debug] [2026-05-15T14:04:12.339Z] <<< [apiv2][status] POST https://upload-firebasehosting.googleapis.com/upload/sites/daily-collection-management/versions/adaf2dd997f78a1e/files/27911918ae5ddab88fc1b93eae8c3b8457e8549782d3a0617ef190c358cd31b6 200
[debug] [2026-05-15T14:04:12.339Z] <<< [apiv2][body] POST https://upload-firebasehosting.googleapis.com/upload/sites/daily-collection-management/versions/adaf2dd997f78a1e/files/27911918ae5ddab88fc1b93eae8c3b8457e8549782d3a0617ef190c358cd31b6 [stream]
[debug] [2026-05-15T14:04:12.339Z] <<< [apiv2][status] POST https://upload-firebasehosting.googleapis.com/upload/sites/daily-collection-management/versions/adaf2dd997f78a1e/files/1c111e16e1578d7a2661391c051351226853e7497b0524f4e963b3f3e024b391 200
[debug] [2026-05-15T14:04:12.339Z] <<< [apiv2][body] POST https://upload-firebasehosting.googleapis.com/upload/sites/daily-collection-management/versions/adaf2dd997f78a1e/files/1c111e16e1578d7a2661391c051351226853e7497b0524f4e963b3f3e024b391 [stream]
[debug] [2026-05-15T14:04:12.340Z] <<< [apiv2][status] POST https://upload-firebasehosting.googleapis.com/upload/sites/daily-collection-management/versions/adaf2dd997f78a1e/files/02c4eb27c3094fdb15ce4587396257f9f175fa5b7ce5286c19adaac9ea172107 200
[debug] [2026-05-15T14:04:12.340Z] <<< [apiv2][body] POST https://upload-firebasehosting.googleapis.com/upload/sites/daily-collection-management/versions/adaf2dd997f78a1e/files/02c4eb27c3094fdb15ce4587396257f9f175fa5b7ce5286c19adaac9ea172107 [stream]
[debug] [2026-05-15T14:04:12.343Z] <<< [apiv2][status] POST https://upload-firebasehosting.googleapis.com/upload/sites/daily-collection-management/versions/adaf2dd997f78a1e/files/3bcb67d6b3f5f57085336bca5201414cb5eaec6f48900b2bc0612d63ba254258 200
[debug] [2026-05-15T14:04:12.343Z] <<< [apiv2][body] POST https://upload-firebasehosting.googleapis.com/upload/sites/daily-collection-management/versions/adaf2dd997f78a1e/files/3bcb67d6b3f5f57085336bca5201414cb5eaec6f48900b2bc0612d63ba254258 [stream]
[debug] [2026-05-15T14:04:12.344Z] <<< [apiv2][status] POST https://upload-firebasehosting.googleapis.com/upload/sites/daily-collection-management/versions/adaf2dd997f78a1e/files/bdefe2384d0c7e3009078e89117b71702d5bdcd52a7a2822086049a8f7bdee08 200
[debug] [2026-05-15T14:04:12.344Z] <<< [apiv2][body] POST https://upload-firebasehosting.googleapis.com/upload/sites/daily-collection-management/versions/adaf2dd997f78a1e/files/bdefe2384d0c7e3009078e89117b71702d5bdcd52a7a2822086049a8f7bdee08 [stream]
[debug] [2026-05-15T14:04:12.385Z] <<< [apiv2][status] POST https://upload-firebasehosting.googleapis.com/upload/sites/daily-collection-management/versions/adaf2dd997f78a1e/files/faae8041cc898cb4c7b2c868e10d1577382b4fc538e1251d394bed6dea7c40da 200
[debug] [2026-05-15T14:04:12.385Z] <<< [apiv2][body] POST https://upload-firebasehosting.googleapis.com/upload/sites/daily-collection-management/versions/adaf2dd997f78a1e/files/faae8041cc898cb4c7b2c868e10d1577382b4fc538e1251d394bed6dea7c40da [stream]
[debug] [2026-05-15T14:04:12.399Z] <<< [apiv2][status] POST https://upload-firebasehosting.googleapis.com/upload/sites/daily-collection-management/versions/adaf2dd997f78a1e/files/08146d633902035ebab0fae7f957c5630eb05526aeeb09b9d4ab69ef246eed9f 200
[debug] [2026-05-15T14:04:12.399Z] <<< [apiv2][body] POST https://upload-firebasehosting.googleapis.com/upload/sites/daily-collection-management/versions/adaf2dd997f78a1e/files/08146d633902035ebab0fae7f957c5630eb05526aeeb09b9d4ab69ef246eed9f [stream]
[debug] [2026-05-15T14:04:12.400Z] <<< [apiv2][status] POST https://upload-firebasehosting.googleapis.com/upload/sites/daily-collection-management/versions/adaf2dd997f78a1e/files/74cadb4426079a868ee5952fc867efc076fd477bf04cf865548ccd81dfb33e4b 200
[debug] [2026-05-15T14:04:12.400Z] <<< [apiv2][body] POST https://upload-firebasehosting.googleapis.com/upload/sites/daily-collection-management/versions/adaf2dd997f78a1e/files/74cadb4426079a868ee5952fc867efc076fd477bf04cf865548ccd81dfb33e4b [stream]
[debug] [2026-05-15T14:04:12.400Z] <<< [apiv2][status] POST https://upload-firebasehosting.googleapis.com/upload/sites/daily-collection-management/versions/adaf2dd997f78a1e/files/1b1cfb3152c70c6d24d58626c6a600b4899e64de860efb697e3f6666075133fb 200
[debug] [2026-05-15T14:04:12.401Z] <<< [apiv2][body] POST https://upload-firebasehosting.googleapis.com/upload/sites/daily-collection-management/versions/adaf2dd997f78a1e/files/1b1cfb3152c70c6d24d58626c6a600b4899e64de860efb697e3f6666075133fb [stream]
[debug] [2026-05-15T14:04:12.401Z] <<< [apiv2][status] POST https://upload-firebasehosting.googleapis.com/upload/sites/daily-collection-management/versions/adaf2dd997f78a1e/files/1393885d99f601a7a3e58843acfc65b3ed3f744b66c68e72b79520bf761fe6b1 200
[debug] [2026-05-15T14:04:12.401Z] <<< [apiv2][body] POST https://upload-firebasehosting.googleapis.com/upload/sites/daily-collection-management/versions/adaf2dd997f78a1e/files/1393885d99f601a7a3e58843acfc65b3ed3f744b66c68e72b79520bf761fe6b1 [stream]
[debug] [2026-05-15T14:04:12.402Z] <<< [apiv2][status] POST https://upload-firebasehosting.googleapis.com/upload/sites/daily-collection-management/versions/adaf2dd997f78a1e/files/894fae912c8d36fbd74cd2d3eb721d7a18a06f6c50034284291c184a889e3ed7 200
[debug] [2026-05-15T14:04:12.402Z] <<< [apiv2][body] POST https://upload-firebasehosting.googleapis.com/upload/sites/daily-collection-management/versions/adaf2dd997f78a1e/files/894fae912c8d36fbd74cd2d3eb721d7a18a06f6c50034284291c184a889e3ed7 [stream]
[debug] [2026-05-15T14:04:12.402Z] <<< [apiv2][status] POST https://upload-firebasehosting.googleapis.com/upload/sites/daily-collection-management/versions/adaf2dd997f78a1e/files/6346e46abbe5ad7279236d26989c93c11e87a1ee05db7da9954f5ef4b204ee2f 200
[debug] [2026-05-15T14:04:12.402Z] <<< [apiv2][body] POST https://upload-firebasehosting.googleapis.com/upload/sites/daily-collection-management/versions/adaf2dd997f78a1e/files/6346e46abbe5ad7279236d26989c93c11e87a1ee05db7da9954f5ef4b204ee2f [stream]
[debug] [2026-05-15T14:04:12.403Z] <<< [apiv2][status] POST https://upload-firebasehosting.googleapis.com/upload/sites/daily-collection-management/versions/adaf2dd997f78a1e/files/08979bc6427071d72570b80a400f43fb960b160e81b7f8e8fdfbf65436da5e24 200
[debug] [2026-05-15T14:04:12.403Z] <<< [apiv2][body] POST https://upload-firebasehosting.googleapis.com/upload/sites/daily-collection-management/versions/adaf2dd997f78a1e/files/08979bc6427071d72570b80a400f43fb960b160e81b7f8e8fdfbf65436da5e24 [stream]
[debug] [2026-05-15T14:04:12.419Z] <<< [apiv2][status] POST https://upload-firebasehosting.googleapis.com/upload/sites/daily-collection-management/versions/adaf2dd997f78a1e/files/2e946b04c893ecf3a3e4d120ecb31ec344aa68ea3b8de2441380e2f3e985f071 200
[debug] [2026-05-15T14:04:12.419Z] <<< [apiv2][body] POST https://upload-firebasehosting.googleapis.com/upload/sites/daily-collection-management/versions/adaf2dd997f78a1e/files/2e946b04c893ecf3a3e4d120ecb31ec344aa68ea3b8de2441380e2f3e985f071 [stream]
[debug] [2026-05-15T14:04:12.419Z] <<< [apiv2][status] POST https://upload-firebasehosting.googleapis.com/upload/sites/daily-collection-management/versions/adaf2dd997f78a1e/files/534fa0882759409cc2d3a2d7a949f75dff5109bdc9b67a2e5845939482c52f53 200
[debug] [2026-05-15T14:04:12.419Z] <<< [apiv2][body] POST https://upload-firebasehosting.googleapis.com/upload/sites/daily-collection-management/versions/adaf2dd997f78a1e/files/534fa0882759409cc2d3a2d7a949f75dff5109bdc9b67a2e5845939482c52f53 [stream]
[debug] [2026-05-15T14:04:12.420Z] <<< [apiv2][status] POST https://upload-firebasehosting.googleapis.com/upload/sites/daily-collection-management/versions/adaf2dd997f78a1e/files/7cf5784db766dbbb71af57651c24b634fda02790f64342e94c41428d7341e7ba 200
[debug] [2026-05-15T14:04:12.420Z] <<< [apiv2][body] POST https://upload-firebasehosting.googleapis.com/upload/sites/daily-collection-management/versions/adaf2dd997f78a1e/files/7cf5784db766dbbb71af57651c24b634fda02790f64342e94c41428d7341e7ba [stream]
[debug] [2026-05-15T14:04:12.443Z] <<< [apiv2][status] POST https://upload-firebasehosting.googleapis.com/upload/sites/daily-collection-management/versions/adaf2dd997f78a1e/files/e86213122769370c66efd0661f68b92e9e5a603c626393689c45cc00d0eabc38 200
[debug] [2026-05-15T14:04:12.444Z] <<< [apiv2][body] POST https://upload-firebasehosting.googleapis.com/upload/sites/daily-collection-management/versions/adaf2dd997f78a1e/files/e86213122769370c66efd0661f68b92e9e5a603c626393689c45cc00d0eabc38 [stream]
[debug] [2026-05-15T14:04:12.473Z] <<< [apiv2][status] POST https://upload-firebasehosting.googleapis.com/upload/sites/daily-collection-management/versions/adaf2dd997f78a1e/files/1271040e8516e2468585cbc365b01ffb644fe36829699cf61ce3741554b38aea 200
[debug] [2026-05-15T14:04:12.473Z] <<< [apiv2][body] POST https://upload-firebasehosting.googleapis.com/upload/sites/daily-collection-management/versions/adaf2dd997f78a1e/files/1271040e8516e2468585cbc365b01ffb644fe36829699cf61ce3741554b38aea [stream]
[debug] [2026-05-15T14:04:12.488Z] <<< [apiv2][status] POST https://upload-firebasehosting.googleapis.com/upload/sites/daily-collection-management/versions/adaf2dd997f78a1e/files/94bdf411947af2fadffba85af80c758efa0cdb699b2c1bcce5df0ef85aac76a2 200
[debug] [2026-05-15T14:04:12.489Z] <<< [apiv2][body] POST https://upload-firebasehosting.googleapis.com/upload/sites/daily-collection-management/versions/adaf2dd997f78a1e/files/94bdf411947af2fadffba85af80c758efa0cdb699b2c1bcce5df0ef85aac76a2 [stream]
[debug] [2026-05-15T14:04:12.489Z] <<< [apiv2][status] POST https://upload-firebasehosting.googleapis.com/upload/sites/daily-collection-management/versions/adaf2dd997f78a1e/files/34374d3d6692e6232229e9df24701f0b38a0be98a2c00269aeb751b0a055edb0 200
[debug] [2026-05-15T14:04:12.489Z] <<< [apiv2][body] POST https://upload-firebasehosting.googleapis.com/upload/sites/daily-collection-management/versions/adaf2dd997f78a1e/files/34374d3d6692e6232229e9df24701f0b38a0be98a2c00269aeb751b0a055edb0 [stream]
[debug] [2026-05-15T14:04:12.536Z] <<< [apiv2][status] POST https://upload-firebasehosting.googleapis.com/upload/sites/daily-collection-management/versions/adaf2dd997f78a1e/files/3b44f7a86d25bf626212a7c8fd107c2ee9fda8f209947190bb20fdbc8148d134 200
[debug] [2026-05-15T14:04:12.536Z] <<< [apiv2][body] POST https://upload-firebasehosting.googleapis.com/upload/sites/daily-collection-management/versions/adaf2dd997f78a1e/files/3b44f7a86d25bf626212a7c8fd107c2ee9fda8f209947190bb20fdbc8148d134 [stream]
[debug] [2026-05-15T14:04:12.570Z] <<< [apiv2][status] POST https://upload-firebasehosting.googleapis.com/upload/sites/daily-collection-management/versions/adaf2dd997f78a1e/files/5e70a2a532e3db31b67b2fe600a9c7970822493b93164d8ae0d50e78439835f6 200
[debug] [2026-05-15T14:04:12.570Z] <<< [apiv2][body] POST https://upload-firebasehosting.googleapis.com/upload/sites/daily-collection-management/versions/adaf2dd997f78a1e/files/5e70a2a532e3db31b67b2fe600a9c7970822493b93164d8ae0d50e78439835f6 [stream]
[debug] [2026-05-15T14:04:12.595Z] <<< [apiv2][status] POST https://upload-firebasehosting.googleapis.com/upload/sites/daily-collection-management/versions/adaf2dd997f78a1e/files/b4c20aee7983ce2ef073ab638bedf2f1525f0d688acdbf2e77fe69a4af10602b 200
[debug] [2026-05-15T14:04:12.595Z] <<< [apiv2][body] POST https://upload-firebasehosting.googleapis.com/upload/sites/daily-collection-management/versions/adaf2dd997f78a1e/files/b4c20aee7983ce2ef073ab638bedf2f1525f0d688acdbf2e77fe69a4af10602b [stream]
[debug] [2026-05-15T14:04:12.654Z] <<< [apiv2][status] POST https://upload-firebasehosting.googleapis.com/upload/sites/daily-collection-management/versions/adaf2dd997f78a1e/files/85aa4eb5bff1f2e9ce9ce57eb794513be3a29f6ae470b41390e0817823577265 200
[debug] [2026-05-15T14:04:12.654Z] <<< [apiv2][body] POST https://upload-firebasehosting.googleapis.com/upload/sites/daily-collection-management/versions/adaf2dd997f78a1e/files/85aa4eb5bff1f2e9ce9ce57eb794513be3a29f6ae470b41390e0817823577265 [stream]
[debug] [2026-05-15T14:04:12.729Z] <<< [apiv2][status] POST https://upload-firebasehosting.googleapis.com/upload/sites/daily-collection-management/versions/adaf2dd997f78a1e/files/ed7e780a63d4e25b4739715e3ef8037e734be5ef045a916c6f234e2cec1254ee 200
[debug] [2026-05-15T14:04:12.729Z] <<< [apiv2][body] POST https://upload-firebasehosting.googleapis.com/upload/sites/daily-collection-management/versions/adaf2dd997f78a1e/files/ed7e780a63d4e25b4739715e3ef8037e734be5ef045a916c6f234e2cec1254ee [stream]
[info] i  hosting: uploading new files [27/28] (96%) 
[debug] [2026-05-15T14:04:12.975Z] <<< [apiv2][status] POST https://upload-firebasehosting.googleapis.com/upload/sites/daily-collection-management/versions/adaf2dd997f78a1e/files/67b17b2111c042b45c8dfd2578bbaa4a78e9ca0cd9e21da36b483717d256167b 200
[debug] [2026-05-15T14:04:12.975Z] <<< [apiv2][body] POST https://upload-firebasehosting.googleapis.com/upload/sites/daily-collection-management/versions/adaf2dd997f78a1e/files/67b17b2111c042b45c8dfd2578bbaa4a78e9ca0cd9e21da36b483717d256167b [stream]
[debug] [2026-05-15T14:04:12.976Z] [hosting][upload queue][FINAL] {"max":2713,"min":2069,"avg":2193.9642857142853,"active":0,"complete":28,"success":28,"errored":0,"retried":0,"total":28,"elapsed":2718}
[info] i  hosting: upload complete 
[info] +  hosting[daily-collection-management]: file upload complete 
[debug] [2026-05-15T14:04:12.976Z] [hosting] deploy completed after 4268ms
[debug] [2026-05-15T14:04:12.977Z] [rules] releasing cloud.firestore with ruleset projects/daily-collection-management/rulesets/49e6a06d-2798-4e49-a3f3-10b369756836
[debug] [2026-05-15T14:04:12.977Z] Checked if tokens are valid: true, expires at: 1778855229287
[debug] [2026-05-15T14:04:12.978Z] Checked if tokens are valid: true, expires at: 1778855229287
[debug] [2026-05-15T14:04:12.978Z] >>> [apiv2][query] PATCH https://firebaserules.googleapis.com/v1/projects/daily-collection-management/releases/cloud.firestore [none]
[debug] [2026-05-15T14:04:12.978Z] >>> [apiv2][body] PATCH https://firebaserules.googleapis.com/v1/projects/daily-collection-management/releases/cloud.firestore {"release":{"name":"projects/daily-collection-management/releases/cloud.firestore","rulesetName":"projects/daily-collection-management/rulesets/49e6a06d-2798-4e49-a3f3-10b369756836"}}
[debug] [2026-05-15T14:04:14.601Z] <<< [apiv2][status] PATCH https://firebaserules.googleapis.com/v1/projects/daily-collection-management/releases/cloud.firestore 200
[debug] [2026-05-15T14:04:14.601Z] <<< [apiv2][body] PATCH https://firebaserules.googleapis.com/v1/projects/daily-collection-management/releases/cloud.firestore {"name":"projects/daily-collection-management/releases/cloud.firestore","rulesetName":"projects/daily-collection-management/rulesets/49e6a06d-2798-4e49-a3f3-10b369756836","createTime":"2026-05-15T07:57:05.814424Z","updateTime":"2026-05-15T14:04:13.178827Z"}
[debug] [2026-05-15T14:04:14.601Z] [rules] updated release projects/daily-collection-management/releases/cloud.firestore
[info] +  firestore: released rules firebase/firestore.rules to cloud.firestore 
[debug] [2026-05-15T14:04:14.602Z] [
  {
    "config": {
      "public": "frontend/dist",
      "ignore": [
        "firebase.json",
        "**/.*",
        "**/node_modules/**"
      ],
      "rewrites": [
        {
          "source": "**",
          "destination": "/index.html"
        }
      ],
      "site": "daily-collection-management"
    },
    "version": "projects/520682493376/sites/daily-collection-management/versions/adaf2dd997f78a1e"
  }
]
[info] i  hosting[daily-collection-management]: finalizing version... 
[debug] [2026-05-15T14:04:14.603Z] Checked if tokens are valid: true, expires at: 1778855229287
[debug] [2026-05-15T14:04:14.603Z] Checked if tokens are valid: true, expires at: 1778855229287
[debug] [2026-05-15T14:04:14.603Z] >>> [apiv2][query] PATCH https://firebasehosting.googleapis.com/v1beta1/projects/-/sites/daily-collection-management/versions/adaf2dd997f78a1e updateMask=status%2Cconfig
[debug] [2026-05-15T14:04:14.603Z] >>> [apiv2][body] PATCH https://firebasehosting.googleapis.com/v1beta1/projects/-/sites/daily-collection-management/versions/adaf2dd997f78a1e {"status":"FINALIZED","config":{"rewrites":[{"glob":"**","path":"/index.html"}]}}
[debug] [2026-05-15T14:04:15.300Z] <<< [apiv2][status] PATCH https://firebasehosting.googleapis.com/v1beta1/projects/-/sites/daily-collection-management/versions/adaf2dd997f78a1e 200
[debug] [2026-05-15T14:04:15.300Z] <<< [apiv2][body] PATCH https://firebasehosting.googleapis.com/v1beta1/projects/-/sites/daily-collection-management/versions/adaf2dd997f78a1e {"name":"projects/520682493376/sites/daily-collection-management/versions/adaf2dd997f78a1e","status":"FINALIZED","config":{"rewrites":[{"glob":"**","path":"/index.html"}]},"labels":{"deployment-tool":"cli-firebase"},"createTime":"2026-05-15T14:04:00.826056Z","createUser":{"email":"pratik49484@gmail.com"},"finalizeTime":"2026-05-15T14:04:13.840841Z","finalizeUser":{"email":"pratik49484@gmail.com"}}
[debug] [2026-05-15T14:04:15.301Z] [hosting] finalized version for daily-collection-management:[object Object]
[info] +  hosting[daily-collection-management]: version finalized 
[info] i  hosting[daily-collection-management]: releasing new version... 
[debug] [2026-05-15T14:04:15.301Z] Checked if tokens are valid: true, expires at: 1778855229287
[debug] [2026-05-15T14:04:15.301Z] Checked if tokens are valid: true, expires at: 1778855229287
[debug] [2026-05-15T14:04:15.301Z] >>> [apiv2][query] POST https://firebasehosting.googleapis.com/v1beta1/projects/-/sites/daily-collection-management/channels/live/releases versionName=projects%2F520682493376%2Fsites%2Fdaily-collection-management%2Fversions%2Fadaf2dd997f78a1e
[debug] [2026-05-15T14:04:15.301Z] >>> [apiv2][body] POST https://firebasehosting.googleapis.com/v1beta1/projects/-/sites/daily-collection-management/channels/live/releases {}
[debug] [2026-05-15T14:04:16.187Z] <<< [apiv2][status] POST https://firebasehosting.googleapis.com/v1beta1/projects/-/sites/daily-collection-management/channels/live/releases 200
[debug] [2026-05-15T14:04:16.187Z] <<< [apiv2][body] POST https://firebasehosting.googleapis.com/v1beta1/projects/-/sites/daily-collection-management/channels/live/releases {"name":"projects/520682493376/sites/daily-collection-management/channels/live/releases/1778853854030000","version":{"name":"projects/520682493376/sites/daily-collection-management/versions/adaf2dd997f78a1e","status":"FINALIZED","config":{"rewrites":[{"glob":"**","path":"/index.html"}]},"labels":{"deployment-tool":"cli-firebase"},"createTime":"2026-05-15T14:04:00.826056Z","createUser":{"email":"pratik49484@gmail.com","imageUrl":"https://lh3.googleusercontent.com/a/ACg8ocIqyTrSrET0G5sDZa47WK8cANgRRPIOjik7i5Zk11Mp6kPy5zE=mo"},"finalizeTime":"2026-05-15T14:04:13.840841Z","finalizeUser":{"email":"pratik49484@gmail.com","imageUrl":"https://lh3.googleusercontent.com/a/ACg8ocIqyTrSrET0G5sDZa47WK8cANgRRPIOjik7i5Zk11Mp6kPy5zE=mo"}},"type":"DEPLOY","releaseTime":"2026-05-15T14:04:14.030Z","releaseUser":{"email":"pratik49484@gmail.com","imageUrl":"https://lh3.googleusercontent.com/a/ACg8ocIqyTrSrET0G5sDZa47WK8cANgRRPIOjik7i5Zk11Mp6kPy5zE=mo"}}
[debug] [2026-05-15T14:04:16.187Z] [hosting] release: {"name":"projects/520682493376/sites/daily-collection-management/channels/live/releases/1778853854030000","version":{"name":"projects/520682493376/sites/daily-collection-management/versions/adaf2dd997f78a1e","status":"FINALIZED","config":{"rewrites":[{"glob":"**","path":"/index.html"}]},"labels":{"deployment-tool":"cli-firebase"},"createTime":"2026-05-15T14:04:00.826056Z","createUser":{"email":"pratik49484@gmail.com","imageUrl":"https://lh3.googleusercontent.com/a/ACg8ocIqyTrSrET0G5sDZa47WK8cANgRRPIOjik7i5Zk11Mp6kPy5zE=mo"},"finalizeTime":"2026-05-15T14:04:13.840841Z","finalizeUser":{"email":"pratik49484@gmail.com","imageUrl":"https://lh3.googleusercontent.com/a/ACg8ocIqyTrSrET0G5sDZa47WK8cANgRRPIOjik7i5Zk11Mp6kPy5zE=mo"}},"type":"DEPLOY","releaseTime":"2026-05-15T14:04:14.030Z","releaseUser":{"email":"pratik49484@gmail.com","imageUrl":"https://lh3.googleusercontent.com/a/ACg8ocIqyTrSrET0G5sDZa47WK8cANgRRPIOjik7i5Zk11Mp6kPy5zE=mo"}}
[info] +  hosting[daily-collection-management]: release complete 
[info] 
[info] +  Deploy complete! 
[info] 
[info] Project Console: https://console.firebase.google.com/project/daily-collection-management/overview
[info] Hosting URL: https://daily-collection-management.web.app
[debug] [2026-05-15T14:23:33.809Z] ----------------------------------------------------------------------
[debug] [2026-05-15T14:23:33.811Z] Command:       C:\Program Files\nodejs\node.exe C:\Users\gaura\AppData\Roaming\npm\node_modules\firebase-tools\lib\bin\firebase.js deploy --only hosting
[debug] [2026-05-15T14:23:33.812Z] CLI Version:   15.18.0
[debug] [2026-05-15T14:23:33.812Z] Platform:      win32
[debug] [2026-05-15T14:23:33.812Z] Node Version:  v24.14.0
[debug] [2026-05-15T14:23:33.812Z] Time:          Fri May 15 2026 19:53:33 GMT+0530 (India Standard Time)
[debug] [2026-05-15T14:23:33.812Z] ----------------------------------------------------------------------
[debug] 
[debug] [2026-05-15T14:23:34.774Z] > command requires scopes: ["email","openid","https://www.googleapis.com/auth/cloudplatformprojects.readonly","https://www.googleapis.com/auth/firebase","https://www.googleapis.com/auth/cloud-platform"]
[debug] [2026-05-15T14:23:34.775Z] > authorizing via signed-in user (pratik49484@gmail.com)
[debug] [2026-05-15T14:23:34.775Z] [iam] checking project daily-collection-management for permissions ["firebase.projects.get","firebasehosting.sites.update"]
[debug] [2026-05-15T14:23:34.776Z] Checked if tokens are valid: false, expires at: 1778855229287
[debug] [2026-05-15T14:23:34.776Z] Checked if tokens are valid: false, expires at: 1778855229287
[debug] [2026-05-15T14:23:34.777Z] > refreshing access token with scopes: []
[debug] [2026-05-15T14:23:34.778Z] >>> [apiv2][query] POST https://www.googleapis.com/oauth2/v3/token [none]
[debug] [2026-05-15T14:23:34.778Z] >>> [apiv2][body] POST https://www.googleapis.com/oauth2/v3/token [omitted]
[debug] [2026-05-15T14:23:35.091Z] <<< [apiv2][status] POST https://www.googleapis.com/oauth2/v3/token 200
[debug] [2026-05-15T14:23:35.091Z] <<< [apiv2][body] POST https://www.googleapis.com/oauth2/v3/token [omitted]
[debug] [2026-05-15T14:23:35.113Z] >>> [apiv2][query] POST https://cloudresourcemanager.googleapis.com/v1/projects/daily-collection-management:testIamPermissions [none]
[debug] [2026-05-15T14:23:35.114Z] >>> [apiv2][(partial)header] POST https://cloudresourcemanager.googleapis.com/v1/projects/daily-collection-management:testIamPermissions  x-goog-user-project=daily-collection-management
[debug] [2026-05-15T14:23:35.114Z] >>> [apiv2][body] POST https://cloudresourcemanager.googleapis.com/v1/projects/daily-collection-management:testIamPermissions {"permissions":["firebase.projects.get","firebasehosting.sites.update"]}
[debug] [2026-05-15T14:23:36.896Z] <<< [apiv2][status] POST https://cloudresourcemanager.googleapis.com/v1/projects/daily-collection-management:testIamPermissions 200
[debug] [2026-05-15T14:23:36.897Z] <<< [apiv2][body] POST https://cloudresourcemanager.googleapis.com/v1/projects/daily-collection-management:testIamPermissions {"permissions":["firebase.projects.get","firebasehosting.sites.update"]}
[debug] [2026-05-15T14:23:36.898Z] Checked if tokens are valid: true, expires at: 1778858614091
[debug] [2026-05-15T14:23:36.898Z] Checked if tokens are valid: true, expires at: 1778858614091
[debug] [2026-05-15T14:23:36.899Z] >>> [apiv2][query] GET https://firebase.googleapis.com/v1beta1/projects/daily-collection-management [none]
[debug] [2026-05-15T14:23:37.472Z] <<< [apiv2][status] GET https://firebase.googleapis.com/v1beta1/projects/daily-collection-management 200
[debug] [2026-05-15T14:23:37.473Z] <<< [apiv2][body] GET https://firebase.googleapis.com/v1beta1/projects/daily-collection-management {"projectId":"daily-collection-management","projectNumber":"520682493376","displayName":"daily-collection-management","name":"projects/daily-collection-management","resources":{"hostingSite":"daily-collection-management"},"state":"ACTIVE","etag":"1_fd7c662f-6abb-45fe-bfa4-86e58ac93318"}
[info] 
[info] === Deploying to 'daily-collection-management'...
[info] 
[info] i  deploying hosting 
[debug] [2026-05-15T14:23:37.479Z] Checked if tokens are valid: true, expires at: 1778858614091
[debug] [2026-05-15T14:23:37.479Z] Checked if tokens are valid: true, expires at: 1778858614091
[debug] [2026-05-15T14:23:37.479Z] >>> [apiv2][query] GET https://firebasehosting.googleapis.com/v1beta1/projects/daily-collection-management/sites/daily-collection-management [none]
[debug] [2026-05-15T14:23:38.904Z] <<< [apiv2][status] GET https://firebasehosting.googleapis.com/v1beta1/projects/daily-collection-management/sites/daily-collection-management 200
[debug] [2026-05-15T14:23:38.905Z] <<< [apiv2][body] GET https://firebasehosting.googleapis.com/v1beta1/projects/daily-collection-management/sites/daily-collection-management {"name":"projects/daily-collection-management/sites/daily-collection-management","defaultUrl":"https://daily-collection-management.web.app","appId":"1:520682493376:web:cfa2fd2eaacd3f1324a425","type":"DEFAULT_SITE"}
[debug] [2026-05-15T14:23:38.907Z] Checked if tokens are valid: true, expires at: 1778858614091
[debug] [2026-05-15T14:23:38.907Z] Checked if tokens are valid: true, expires at: 1778858614091
[debug] [2026-05-15T14:23:38.907Z] >>> [apiv2][query] POST https://firebasehosting.googleapis.com/v1beta1/projects/-/sites/daily-collection-management/versions [none]
[debug] [2026-05-15T14:23:38.907Z] >>> [apiv2][body] POST https://firebasehosting.googleapis.com/v1beta1/projects/-/sites/daily-collection-management/versions {"status":"CREATED","labels":{"deployment-tool":"cli-firebase"}}
[debug] [2026-05-15T14:23:40.255Z] <<< [apiv2][status] POST https://firebasehosting.googleapis.com/v1beta1/projects/-/sites/daily-collection-management/versions 200
[debug] [2026-05-15T14:23:40.255Z] <<< [apiv2][body] POST https://firebasehosting.googleapis.com/v1beta1/projects/-/sites/daily-collection-management/versions {"name":"projects/520682493376/sites/daily-collection-management/versions/e5070dd7f1161e9b","status":"CREATED","config":{},"labels":{"deployment-tool":"cli-firebase"}}
[info] i  hosting[daily-collection-management]: beginning deploy... 
[info] i  hosting[daily-collection-management]: found 63 files in frontend/dist 
[debug] [2026-05-15T14:23:40.268Z] [hosting] uploading with 200 concurrency
[debug] [2026-05-15T14:23:40.296Z] Checked if tokens are valid: true, expires at: 1778858614091
[debug] [2026-05-15T14:23:40.296Z] Checked if tokens are valid: true, expires at: 1778858614091
[debug] [2026-05-15T14:23:40.297Z] [hosting] hash cache [ZnJvbnRlbmRcZGlzdA] stored for 63 files
[debug] [2026-05-15T14:23:40.297Z] [hosting][hash queue][FINAL] {"max":24,"min":3,"avg":11.380952380952383,"active":0,"complete":63,"success":63,"errored":0,"retried":0,"total":63,"elapsed":28}
[debug] [2026-05-15T14:23:40.298Z] >>> [apiv2][query] POST https://firebasehosting.googleapis.com/v1beta1/projects/520682493376/sites/daily-collection-management/versions/e5070dd7f1161e9b:populateFiles [none]
[debug] [2026-05-15T14:23:40.298Z] >>> [apiv2][body] POST https://firebasehosting.googleapis.com/v1beta1/projects/520682493376/sites/daily-collection-management/versions/e5070dd7f1161e9b:populateFiles {"files":{"/icons.svg":"a71fc7c82918feffdb1e7e59f1b494531849b1025cedc75bc6c0dfa2a941d54d","/favicon.svg":"44fea64ea0b4986cf22dbc28741fe402f021baf13dbd2cc8ce6aa04b24300573","/index.html":"e4ca6062aca961a7d43ccbfcd606eabd53d763032f682862c434fb7e6ee09b35","/assets/TodayCollectionSummaryPage-Llc4d7XA.js":"317716d5b548b0248237d75bd69dbed97dde5e7be6aacd2e2cf837be02f4955a","/assets/SettingsPage-D1ymLuG2.js":"f26d975216284e1ff1e2b28b1b98001a4c4cf14960f3b1a85d9e9433d8f6ea0f","/assets/RegisterPage-DAQO9KrR.js":"5248ba3bca955e612aacd594593a69b068d1753bd4df01b090c12d7a768d44ce","/assets/PenaltyDetailsPage-f04-LOy4.js":"fd04dc6b910511261879465a134fb28e0a2514674814d1a5b28a232d532858c9","/assets/OverdueEMIPage-B7ba_2di.js":"31adeee989a34871eea56b28736f093456989daebf6d44aa5a3edf33f1897eb1","/assets/NotificationsPage-DUQOrbcP.js":"62347cceb1c9c0c6821e19289029480888af56bc67febeef105cc7bbdd4951eb","/assets/NotFoundPage-DX5iY5KN.js":"8de14176168951448bbc0f6224be31a9d03b1ba417e20bbcdf4ccaca4d773297","/assets/manrope-vietnamese-600-normal-lA7a_7Ok.woff":"e86e6c461a5d59c75e4f0232d617926b2dabb48c15ffcdbffd2de9a0585aa38e","/assets/manrope-vietnamese-600-normal-C1J5PCl_.woff2":"6f7a17dcc12c0ef98f37df37cd0e97ce61d24df2ddabfd30f59ade45496535a7","/assets/PendingCustomersPage-g9C54zXu.js":"670c84c279fd5354e6270d711ffcd79a195703ce05c1a264fe935ae823bf7ecf","/assets/manrope-vietnamese-700-normal-pt65Fn2Z.woff":"2f4d1dd9cdbe18dded2bdf3ede4559b2686f0300dcdc4af3e006db4ffd6f9026","/assets/manrope-vietnamese-700-normal-CUqMx5-1.woff2":"60e65f047a34a3478817d680f050f56aa52e7ded0d516862fb11cd2f98dada1b","/assets/manrope-latin-ext-600-normal-_gBojHdJ.woff2":"3e215da79f5646fb50eb51dd01472fa300042c58ab85621eae7d865e26fa36b2","/assets/manrope-latin-ext-700-normal-DYOwVNan.woff2":"f17aab3b4808ebadd53ac9f5e8bc198daf0626f98057093ac64048f427b5bfe0","/assets/manrope-latin-ext-600-normal-u5Pl7hTU.woff":"fa54a0152ff2e4bc71a86daba0e64706ac495343692aaa4b3d7f805ae9d0f1a9","/assets/manrope-latin-700-normal-BZp_XxE4.woff2":"1044a9f092e1ba17c6d5c17414bc50408591491d279595a7d0b0a4c635ab95db","/assets/manrope-latin-ext-700-normal-eVCcYqtJ.woff":"552d9cdac241dffe45b75c007409006d11b2b115dbe7443cb144266f501b799f","/assets/manrope-greek-700-normal-CHUG9PD8.woff2":"b99dbe50f7eae3a71296132dba7ec69bcaeac2457b82c1864dd2d8e567f2f136","/assets/manrope-greek-700-normal-DyfsrCpP.woff":"22496c84e22765560de2fb73abf162a5d6fce7b5757f36beb095d8bc2bf14f24","/assets/manrope-greek-600-normal-CF2i9ZRY.woff":"d4daefd7cf2c3f6baf12ba1699a49b69144ca01af741d0b317bae4944999fc4f","/assets/manrope-cyrillic-700-normal-Dw_fZAg2.woff2":"bb9e2745c4e7efe8cb616d3b75760c2b9d92f9301ea8a8db9c28be2a49006107","/assets/manrope-greek-600-normal-BoRV6lzK.woff2":"08d9f2dfcde86c1fd7094153f344dc112cb026bce50dc264cb379a8c10e9bb73","/assets/manrope-cyrillic-700-normal-7JNVKxyl.woff":"362b620e8834b0d752e652eb97b5b27f8b2ee720aacf776997ed6fe6e45b0cec","/assets/manrope-cyrillic-600-normal-DvRl3Mj-.woff2":"2537862b442ee5d5285bf9277c1e03d2204c6e0bfd1bfd1372d87b3cd695024e","/assets/LoginPage-CuzRlvWW.js":"a6a0360e5fcd81e12b911975c8bd695e4f5b9f81c97a89c5ece240b810f0c90c","/assets/manrope-cyrillic-600-normal-It4mZcQk.woff":"078932f8e67c15d446922cc3a0e11c61ceaa804b7d5ca38e088c612dbfdd2f53","/assets/manrope-latin-600-normal-4f0koTD-.woff2":"a76201f3396b53161e68b77f667a3f7a162a5615ab0a80268aed0e0fa15b05b0","/assets/iconBase-CGlVIVYk.js":"301eec146d27869587e0f0f808dccae95cff529ad74bd30407d271e1f655945e","/assets/LoanDetailsPage-DMTPpU2M.js":"335be3f3260bdaf132c9aea84b57a8bcf205df591945e22206173d1371b8eb9a","/assets/loanService-D178EObT.js":"34374d3d6692e6232229e9df24701f0b38a0be98a2c00269aeb751b0a055edb0","/assets/format-C28d9KVE.js":"a7105764302168c752227f101a187e72dca43a3ce89cf6149f09f2be30cb8f5a","/assets/LoanPage-XWWAZJcT.js":"b843f0fca3386e55ccb2bcf55fc97f6fa6f2ee3c3d9f07db09a917eafa0dc450","/assets/jsx-runtime-B6doAwFl.js":"fd09a537b18273c17dde56b9d3c23fb5b61437d02afdc8f27d4e81bbc1f5affa","/assets/EMIPaymentPage-DMQQXpxn.js":"b7a5825467f0ca61cb5e345aba26b65f6b0f5bbd963a1ab70f4bf512d4320493","/assets/index-CgtFAc39.css":"53053108553d4751ad308b005b964cf8c8c4ecff5796ecfb3a6145b61fcb743c","/assets/EditCustomerPage-DjooxCvf.js":"5ac4b0c028aa0ce40e2d1c245ab5ffd2355f4ce238d7025626c0fd65c73b5e6f","/assets/dm-sans-latin-ext-400-normal-BtiwyxMk.woff2":"a7680dee0c85109bf389d3974594dec22bb0188866d284205b78b1f1dc70a22c","/assets/dm-sans-latin-ext-500-normal-BJfUCQsA.woff2":"4f2870be4d0c232d1bfda5d50cb1d280cac5707f12742f7591228c734d17f40f","/assets/dm-sans-latin-ext-500-normal-DR84L5F-.woff":"8fd1b63617d7c9d5f6791db99799956a36b23cf20ca69efcadc2740648a52127","/assets/dm-sans-latin-500-normal-B9HHJjqV.woff2":"142561f94637ba8059b5a02500ae91f7c574d3ab5d4d58d8019151aaa2bee754","/assets/dm-sans-latin-ext-400-normal-BjWJ59Pq.woff":"ce2601cf9bd4dc79b4fcf8de5b611759f213e36695c30c574d793b8f27a078b1","/assets/dm-sans-latin-400-normal-CW0RaeGs.woff2":"6229ffbe77dbbd00a86ce64febb29d9a95c58b123af526c9b748140b8ee6310f","/assets/manrope-latin-700-normal-DGRFkw-m.woff":"8fced0054076e3f8c859bdd681b96d15ab0b2d1d7ea33b4d3233f35330ac0b63","/assets/manrope-latin-600-normal-BqgrALkZ.woff":"63d109dc347a28ea28beca5b0669da9ee76ac86259399f938630c4747f651708","/assets/dm-sans-latin-500-normal-Dr3UlScf.woff":"6e48369a30d0e1df4616c3365d8c3ef4d3aa9baff6cb587dbb3f5dbf2b18392e","/assets/dm-sans-latin-400-normal-BwCSEQnW.woff":"57eda5ed270c55e07f6effca1216dc7a6e9b8a54164facc9d0287a00a81e6e03","/assets/date--oMNSqjp.js":"5eb8226eb7202cefb0175af25da1399b204f11172bb74527b8b3ba0d14f84032","/assets/DashboardPage-Duf9c0J0.js":"555991163415566d3b156f278933be048fc6c69ae5ac2180d373eccf9c07af81","/assets/DailyCollectionPage-CnuqnXHo.js":"35e7039c1f124547fff3ac78b6b512f3ee9e2a856251aed75ff08edf3070c1d6","/assets/CustomersPage-1avfF825.js":"d5c099ad421edf3748e71b78873a4051e30f303b788c0476ee3732b4aa69fd81","/assets/customerService-BZIOs7be.js":"894fae912c8d36fbd74cd2d3eb721d7a18a06f6c50034284291c184a889e3ed7","/assets/CustomerForm-BOSEkki0.js":"ba3ebf73f8cf05e6d1a48f16178389a5a7699d9f0b15f2588cd8c5c75e873071","/assets/CustomerDetailsPage-BiDPgGM9.js":"36ba86f1fca36f757d3caf9e177995e78287ff3e3d3ca9ee9ce28e75c53a2bbf","/assets/CollectionTable-C-cQZL96.js":"eef38fc2f0cabfe2be38b09cfa2fd98979ae1cf30d42e8cfc4d99d9d9c60e677","/assets/collectionService-C_mzsGj1.js":"0e4acded48609dd9b7f2a56c2bf6e0c39f07d3e779e4d5b8ea56e593448a0239","/assets/CollectionHistoryPage-GI5RLuXk.js":"58fac64ff53881491b43c2d1be8ee3f2a0d230e4459f3f28f6359c11965770a7","/assets/AddCustomerPage-BmcKdgQH.js":"4c8be6f010512aaa170c50810d8f664dd6f23cf1dab1f021f72286810c67cebd","/assets/index-NhN4RkBy.js":"c88cfa8c0beb5dc92238202f5c7dc6e86791f1cb49c3896962e977bca599a8e8","/assets/ReportsPage-bkEJp3pv.js":"c291c43d4b3640ee4e9ed0606b03c7e932f6e9743aedbf5ba88640294ac4321c","/assets/firestoreService-CvdRUmO6.js":"ed7e780a63d4e25b4739715e3ef8037e734be5ef045a916c6f234e2cec1254ee"}}
[debug] [2026-05-15T14:23:41.248Z] <<< [apiv2][status] POST https://firebasehosting.googleapis.com/v1beta1/projects/520682493376/sites/daily-collection-management/versions/e5070dd7f1161e9b:populateFiles 200
[debug] [2026-05-15T14:23:41.249Z] <<< [apiv2][body] POST https://firebasehosting.googleapis.com/v1beta1/projects/520682493376/sites/daily-collection-management/versions/e5070dd7f1161e9b:populateFiles {"uploadRequiredHashes":["31adeee989a34871eea56b28736f093456989daebf6d44aa5a3edf33f1897eb1","eef38fc2f0cabfe2be38b09cfa2fd98979ae1cf30d42e8cfc4d99d9d9c60e677","670c84c279fd5354e6270d711ffcd79a195703ce05c1a264fe935ae823bf7ecf","58fac64ff53881491b43c2d1be8ee3f2a0d230e4459f3f28f6359c11965770a7","35e7039c1f124547fff3ac78b6b512f3ee9e2a856251aed75ff08edf3070c1d6","ba3ebf73f8cf05e6d1a48f16178389a5a7699d9f0b15f2588cd8c5c75e873071","36ba86f1fca36f757d3caf9e177995e78287ff3e3d3ca9ee9ce28e75c53a2bbf","b7a5825467f0ca61cb5e345aba26b65f6b0f5bbd963a1ab70f4bf512d4320493","335be3f3260bdaf132c9aea84b57a8bcf205df591945e22206173d1371b8eb9a","e4ca6062aca961a7d43ccbfcd606eabd53d763032f682862c434fb7e6ee09b35","a6a0360e5fcd81e12b911975c8bd695e4f5b9f81c97a89c5ece240b810f0c90c","f26d975216284e1ff1e2b28b1b98001a4c4cf14960f3b1a85d9e9433d8f6ea0f","c291c43d4b3640ee4e9ed0606b03c7e932f6e9743aedbf5ba88640294ac4321c","fd04dc6b910511261879465a134fb28e0a2514674814d1a5b28a232d532858c9","555991163415566d3b156f278933be048fc6c69ae5ac2180d373eccf9c07af81","c88cfa8c0beb5dc92238202f5c7dc6e86791f1cb49c3896962e977bca599a8e8","317716d5b548b0248237d75bd69dbed97dde5e7be6aacd2e2cf837be02f4955a","5248ba3bca955e612aacd594593a69b068d1753bd4df01b090c12d7a768d44ce","b843f0fca3386e55ccb2bcf55fc97f6fa6f2ee3c3d9f07db09a917eafa0dc450","d5c099ad421edf3748e71b78873a4051e30f303b788c0476ee3732b4aa69fd81","4c8be6f010512aaa170c50810d8f664dd6f23cf1dab1f021f72286810c67cebd","8de14176168951448bbc0f6224be31a9d03b1ba417e20bbcdf4ccaca4d773297","62347cceb1c9c0c6821e19289029480888af56bc67febeef105cc7bbdd4951eb","5ac4b0c028aa0ce40e2d1c245ab5ffd2355f4ce238d7025626c0fd65c73b5e6f"],"uploadUrl":"https://upload-firebasehosting.googleapis.com/upload/sites/daily-collection-management/versions/e5070dd7f1161e9b/files"}
[debug] [2026-05-15T14:23:41.250Z] Checked if tokens are valid: true, expires at: 1778858614091
[debug] [2026-05-15T14:23:41.250Z] Checked if tokens are valid: true, expires at: 1778858614091
[debug] [2026-05-15T14:23:41.250Z] Checked if tokens are valid: true, expires at: 1778858614091
[debug] [2026-05-15T14:23:41.251Z] Checked if tokens are valid: true, expires at: 1778858614091
[debug] [2026-05-15T14:23:41.251Z] Checked if tokens are valid: true, expires at: 1778858614091
[debug] [2026-05-15T14:23:41.251Z] Checked if tokens are valid: true, expires at: 1778858614091
[debug] [2026-05-15T14:23:41.252Z] Checked if tokens are valid: true, expires at: 1778858614091
[debug] [2026-05-15T14:23:41.252Z] Checked if tokens are valid: true, expires at: 1778858614091
[debug] [2026-05-15T14:23:41.252Z] Checked if tokens are valid: true, expires at: 1778858614091
[debug] [2026-05-15T14:23:41.252Z] Checked if tokens are valid: true, expires at: 1778858614091
[debug] [2026-05-15T14:23:41.252Z] Checked if tokens are valid: true, expires at: 1778858614091
[debug] [2026-05-15T14:23:41.252Z] Checked if tokens are valid: true, expires at: 1778858614091
[debug] [2026-05-15T14:23:41.253Z] Checked if tokens are valid: true, expires at: 1778858614091
[debug] [2026-05-15T14:23:41.253Z] Checked if tokens are valid: true, expires at: 1778858614091
[debug] [2026-05-15T14:23:41.253Z] Checked if tokens are valid: true, expires at: 1778858614091
[debug] [2026-05-15T14:23:41.253Z] Checked if tokens are valid: true, expires at: 1778858614091
[debug] [2026-05-15T14:23:41.253Z] Checked if tokens are valid: true, expires at: 1778858614091
[debug] [2026-05-15T14:23:41.254Z] Checked if tokens are valid: true, expires at: 1778858614091
[debug] [2026-05-15T14:23:41.254Z] Checked if tokens are valid: true, expires at: 1778858614091
[debug] [2026-05-15T14:23:41.254Z] Checked if tokens are valid: true, expires at: 1778858614091
[debug] [2026-05-15T14:23:41.254Z] Checked if tokens are valid: true, expires at: 1778858614091
[debug] [2026-05-15T14:23:41.254Z] Checked if tokens are valid: true, expires at: 1778858614091
[debug] [2026-05-15T14:23:41.254Z] Checked if tokens are valid: true, expires at: 1778858614091
[debug] [2026-05-15T14:23:41.255Z] Checked if tokens are valid: true, expires at: 1778858614091
[debug] [2026-05-15T14:23:41.255Z] Checked if tokens are valid: true, expires at: 1778858614091
[debug] [2026-05-15T14:23:41.255Z] Checked if tokens are valid: true, expires at: 1778858614091
[debug] [2026-05-15T14:23:41.255Z] Checked if tokens are valid: true, expires at: 1778858614091
[debug] [2026-05-15T14:23:41.255Z] Checked if tokens are valid: true, expires at: 1778858614091
[debug] [2026-05-15T14:23:41.255Z] Checked if tokens are valid: true, expires at: 1778858614091
[debug] [2026-05-15T14:23:41.255Z] Checked if tokens are valid: true, expires at: 1778858614091
[debug] [2026-05-15T14:23:41.256Z] Checked if tokens are valid: true, expires at: 1778858614091
[debug] [2026-05-15T14:23:41.256Z] Checked if tokens are valid: true, expires at: 1778858614091
[debug] [2026-05-15T14:23:41.256Z] Checked if tokens are valid: true, expires at: 1778858614091
[debug] [2026-05-15T14:23:41.256Z] Checked if tokens are valid: true, expires at: 1778858614091
[debug] [2026-05-15T14:23:41.256Z] Checked if tokens are valid: true, expires at: 1778858614091
[debug] [2026-05-15T14:23:41.256Z] Checked if tokens are valid: true, expires at: 1778858614091
[debug] [2026-05-15T14:23:41.256Z] Checked if tokens are valid: true, expires at: 1778858614091
[debug] [2026-05-15T14:23:41.256Z] Checked if tokens are valid: true, expires at: 1778858614091
[debug] [2026-05-15T14:23:41.257Z] Checked if tokens are valid: true, expires at: 1778858614091
[debug] [2026-05-15T14:23:41.257Z] Checked if tokens are valid: true, expires at: 1778858614091
[debug] [2026-05-15T14:23:41.257Z] Checked if tokens are valid: true, expires at: 1778858614091
[debug] [2026-05-15T14:23:41.257Z] Checked if tokens are valid: true, expires at: 1778858614091
[debug] [2026-05-15T14:23:41.257Z] Checked if tokens are valid: true, expires at: 1778858614091
[debug] [2026-05-15T14:23:41.257Z] Checked if tokens are valid: true, expires at: 1778858614091
[debug] [2026-05-15T14:23:41.257Z] Checked if tokens are valid: true, expires at: 1778858614091
[debug] [2026-05-15T14:23:41.257Z] Checked if tokens are valid: true, expires at: 1778858614091
[debug] [2026-05-15T14:23:41.258Z] Checked if tokens are valid: true, expires at: 1778858614091
[debug] [2026-05-15T14:23:41.258Z] Checked if tokens are valid: true, expires at: 1778858614091
[debug] [2026-05-15T14:23:41.258Z] >>> [apiv2][query] POST https://upload-firebasehosting.googleapis.com/upload/sites/daily-collection-management/versions/e5070dd7f1161e9b/files/31adeee989a34871eea56b28736f093456989daebf6d44aa5a3edf33f1897eb1 [none]
[debug] [2026-05-15T14:23:41.258Z] >>> [apiv2][body] POST https://upload-firebasehosting.googleapis.com/upload/sites/daily-collection-management/versions/e5070dd7f1161e9b/files/31adeee989a34871eea56b28736f093456989daebf6d44aa5a3edf33f1897eb1 [stream]
[debug] [2026-05-15T14:23:41.259Z] >>> [apiv2][query] POST https://upload-firebasehosting.googleapis.com/upload/sites/daily-collection-management/versions/e5070dd7f1161e9b/files/eef38fc2f0cabfe2be38b09cfa2fd98979ae1cf30d42e8cfc4d99d9d9c60e677 [none]
[debug] [2026-05-15T14:23:41.260Z] >>> [apiv2][body] POST https://upload-firebasehosting.googleapis.com/upload/sites/daily-collection-management/versions/e5070dd7f1161e9b/files/eef38fc2f0cabfe2be38b09cfa2fd98979ae1cf30d42e8cfc4d99d9d9c60e677 [stream]
[debug] [2026-05-15T14:23:41.261Z] >>> [apiv2][query] POST https://upload-firebasehosting.googleapis.com/upload/sites/daily-collection-management/versions/e5070dd7f1161e9b/files/670c84c279fd5354e6270d711ffcd79a195703ce05c1a264fe935ae823bf7ecf [none]
[debug] [2026-05-15T14:23:41.261Z] >>> [apiv2][body] POST https://upload-firebasehosting.googleapis.com/upload/sites/daily-collection-management/versions/e5070dd7f1161e9b/files/670c84c279fd5354e6270d711ffcd79a195703ce05c1a264fe935ae823bf7ecf [stream]
[debug] [2026-05-15T14:23:41.262Z] >>> [apiv2][query] POST https://upload-firebasehosting.googleapis.com/upload/sites/daily-collection-management/versions/e5070dd7f1161e9b/files/58fac64ff53881491b43c2d1be8ee3f2a0d230e4459f3f28f6359c11965770a7 [none]
[debug] [2026-05-15T14:23:41.262Z] >>> [apiv2][body] POST https://upload-firebasehosting.googleapis.com/upload/sites/daily-collection-management/versions/e5070dd7f1161e9b/files/58fac64ff53881491b43c2d1be8ee3f2a0d230e4459f3f28f6359c11965770a7 [stream]
[debug] [2026-05-15T14:23:41.263Z] >>> [apiv2][query] POST https://upload-firebasehosting.googleapis.com/upload/sites/daily-collection-management/versions/e5070dd7f1161e9b/files/35e7039c1f124547fff3ac78b6b512f3ee9e2a856251aed75ff08edf3070c1d6 [none]
[debug] [2026-05-15T14:23:41.263Z] >>> [apiv2][body] POST https://upload-firebasehosting.googleapis.com/upload/sites/daily-collection-management/versions/e5070dd7f1161e9b/files/35e7039c1f124547fff3ac78b6b512f3ee9e2a856251aed75ff08edf3070c1d6 [stream]
[debug] [2026-05-15T14:23:41.264Z] >>> [apiv2][query] POST https://upload-firebasehosting.googleapis.com/upload/sites/daily-collection-management/versions/e5070dd7f1161e9b/files/ba3ebf73f8cf05e6d1a48f16178389a5a7699d9f0b15f2588cd8c5c75e873071 [none]
[debug] [2026-05-15T14:23:41.264Z] >>> [apiv2][body] POST https://upload-firebasehosting.googleapis.com/upload/sites/daily-collection-management/versions/e5070dd7f1161e9b/files/ba3ebf73f8cf05e6d1a48f16178389a5a7699d9f0b15f2588cd8c5c75e873071 [stream]
[debug] [2026-05-15T14:23:41.264Z] >>> [apiv2][query] POST https://upload-firebasehosting.googleapis.com/upload/sites/daily-collection-management/versions/e5070dd7f1161e9b/files/36ba86f1fca36f757d3caf9e177995e78287ff3e3d3ca9ee9ce28e75c53a2bbf [none]
[debug] [2026-05-15T14:23:41.264Z] >>> [apiv2][body] POST https://upload-firebasehosting.googleapis.com/upload/sites/daily-collection-management/versions/e5070dd7f1161e9b/files/36ba86f1fca36f757d3caf9e177995e78287ff3e3d3ca9ee9ce28e75c53a2bbf [stream]
[debug] [2026-05-15T14:23:41.265Z] >>> [apiv2][query] POST https://upload-firebasehosting.googleapis.com/upload/sites/daily-collection-management/versions/e5070dd7f1161e9b/files/b7a5825467f0ca61cb5e345aba26b65f6b0f5bbd963a1ab70f4bf512d4320493 [none]
[debug] [2026-05-15T14:23:41.265Z] >>> [apiv2][body] POST https://upload-firebasehosting.googleapis.com/upload/sites/daily-collection-management/versions/e5070dd7f1161e9b/files/b7a5825467f0ca61cb5e345aba26b65f6b0f5bbd963a1ab70f4bf512d4320493 [stream]
[debug] [2026-05-15T14:23:41.266Z] >>> [apiv2][query] POST https://upload-firebasehosting.googleapis.com/upload/sites/daily-collection-management/versions/e5070dd7f1161e9b/files/335be3f3260bdaf132c9aea84b57a8bcf205df591945e22206173d1371b8eb9a [none]
[debug] [2026-05-15T14:23:41.266Z] >>> [apiv2][body] POST https://upload-firebasehosting.googleapis.com/upload/sites/daily-collection-management/versions/e5070dd7f1161e9b/files/335be3f3260bdaf132c9aea84b57a8bcf205df591945e22206173d1371b8eb9a [stream]
[debug] [2026-05-15T14:23:41.267Z] >>> [apiv2][query] POST https://upload-firebasehosting.googleapis.com/upload/sites/daily-collection-management/versions/e5070dd7f1161e9b/files/e4ca6062aca961a7d43ccbfcd606eabd53d763032f682862c434fb7e6ee09b35 [none]
[debug] [2026-05-15T14:23:41.267Z] >>> [apiv2][body] POST https://upload-firebasehosting.googleapis.com/upload/sites/daily-collection-management/versions/e5070dd7f1161e9b/files/e4ca6062aca961a7d43ccbfcd606eabd53d763032f682862c434fb7e6ee09b35 [stream]
[debug] [2026-05-15T14:23:41.267Z] >>> [apiv2][query] POST https://upload-firebasehosting.googleapis.com/upload/sites/daily-collection-management/versions/e5070dd7f1161e9b/files/a6a0360e5fcd81e12b911975c8bd695e4f5b9f81c97a89c5ece240b810f0c90c [none]
[debug] [2026-05-15T14:23:41.268Z] >>> [apiv2][body] POST https://upload-firebasehosting.googleapis.com/upload/sites/daily-collection-management/versions/e5070dd7f1161e9b/files/a6a0360e5fcd81e12b911975c8bd695e4f5b9f81c97a89c5ece240b810f0c90c [stream]
[debug] [2026-05-15T14:23:41.268Z] >>> [apiv2][query] POST https://upload-firebasehosting.googleapis.com/upload/sites/daily-collection-management/versions/e5070dd7f1161e9b/files/f26d975216284e1ff1e2b28b1b98001a4c4cf14960f3b1a85d9e9433d8f6ea0f [none]
[debug] [2026-05-15T14:23:41.268Z] >>> [apiv2][body] POST https://upload-firebasehosting.googleapis.com/upload/sites/daily-collection-management/versions/e5070dd7f1161e9b/files/f26d975216284e1ff1e2b28b1b98001a4c4cf14960f3b1a85d9e9433d8f6ea0f [stream]
[debug] [2026-05-15T14:23:41.269Z] >>> [apiv2][query] POST https://upload-firebasehosting.googleapis.com/upload/sites/daily-collection-management/versions/e5070dd7f1161e9b/files/c291c43d4b3640ee4e9ed0606b03c7e932f6e9743aedbf5ba88640294ac4321c [none]
[debug] [2026-05-15T14:23:41.269Z] >>> [apiv2][body] POST https://upload-firebasehosting.googleapis.com/upload/sites/daily-collection-management/versions/e5070dd7f1161e9b/files/c291c43d4b3640ee4e9ed0606b03c7e932f6e9743aedbf5ba88640294ac4321c [stream]
[debug] [2026-05-15T14:23:41.270Z] >>> [apiv2][query] POST https://upload-firebasehosting.googleapis.com/upload/sites/daily-collection-management/versions/e5070dd7f1161e9b/files/fd04dc6b910511261879465a134fb28e0a2514674814d1a5b28a232d532858c9 [none]
[debug] [2026-05-15T14:23:41.270Z] >>> [apiv2][body] POST https://upload-firebasehosting.googleapis.com/upload/sites/daily-collection-management/versions/e5070dd7f1161e9b/files/fd04dc6b910511261879465a134fb28e0a2514674814d1a5b28a232d532858c9 [stream]
[debug] [2026-05-15T14:23:41.270Z] >>> [apiv2][query] POST https://upload-firebasehosting.googleapis.com/upload/sites/daily-collection-management/versions/e5070dd7f1161e9b/files/555991163415566d3b156f278933be048fc6c69ae5ac2180d373eccf9c07af81 [none]
[debug] [2026-05-15T14:23:41.271Z] >>> [apiv2][body] POST https://upload-firebasehosting.googleapis.com/upload/sites/daily-collection-management/versions/e5070dd7f1161e9b/files/555991163415566d3b156f278933be048fc6c69ae5ac2180d373eccf9c07af81 [stream]
[debug] [2026-05-15T14:23:41.271Z] >>> [apiv2][query] POST https://upload-firebasehosting.googleapis.com/upload/sites/daily-collection-management/versions/e5070dd7f1161e9b/files/c88cfa8c0beb5dc92238202f5c7dc6e86791f1cb49c3896962e977bca599a8e8 [none]
[debug] [2026-05-15T14:23:41.271Z] >>> [apiv2][body] POST https://upload-firebasehosting.googleapis.com/upload/sites/daily-collection-management/versions/e5070dd7f1161e9b/files/c88cfa8c0beb5dc92238202f5c7dc6e86791f1cb49c3896962e977bca599a8e8 [stream]
[debug] [2026-05-15T14:23:41.272Z] >>> [apiv2][query] POST https://upload-firebasehosting.googleapis.com/upload/sites/daily-collection-management/versions/e5070dd7f1161e9b/files/317716d5b548b0248237d75bd69dbed97dde5e7be6aacd2e2cf837be02f4955a [none]
[debug] [2026-05-15T14:23:41.272Z] >>> [apiv2][body] POST https://upload-firebasehosting.googleapis.com/upload/sites/daily-collection-management/versions/e5070dd7f1161e9b/files/317716d5b548b0248237d75bd69dbed97dde5e7be6aacd2e2cf837be02f4955a [stream]
[debug] [2026-05-15T14:23:41.272Z] >>> [apiv2][query] POST https://upload-firebasehosting.googleapis.com/upload/sites/daily-collection-management/versions/e5070dd7f1161e9b/files/5248ba3bca955e612aacd594593a69b068d1753bd4df01b090c12d7a768d44ce [none]
[debug] [2026-05-15T14:23:41.273Z] >>> [apiv2][body] POST https://upload-firebasehosting.googleapis.com/upload/sites/daily-collection-management/versions/e5070dd7f1161e9b/files/5248ba3bca955e612aacd594593a69b068d1753bd4df01b090c12d7a768d44ce [stream]
[debug] [2026-05-15T14:23:41.273Z] >>> [apiv2][query] POST https://upload-firebasehosting.googleapis.com/upload/sites/daily-collection-management/versions/e5070dd7f1161e9b/files/b843f0fca3386e55ccb2bcf55fc97f6fa6f2ee3c3d9f07db09a917eafa0dc450 [none]
[debug] [2026-05-15T14:23:41.274Z] >>> [apiv2][body] POST https://upload-firebasehosting.googleapis.com/upload/sites/daily-collection-management/versions/e5070dd7f1161e9b/files/b843f0fca3386e55ccb2bcf55fc97f6fa6f2ee3c3d9f07db09a917eafa0dc450 [stream]
[debug] [2026-05-15T14:23:41.274Z] >>> [apiv2][query] POST https://upload-firebasehosting.googleapis.com/upload/sites/daily-collection-management/versions/e5070dd7f1161e9b/files/d5c099ad421edf3748e71b78873a4051e30f303b788c0476ee3732b4aa69fd81 [none]
[debug] [2026-05-15T14:23:41.275Z] >>> [apiv2][body] POST https://upload-firebasehosting.googleapis.com/upload/sites/daily-collection-management/versions/e5070dd7f1161e9b/files/d5c099ad421edf3748e71b78873a4051e30f303b788c0476ee3732b4aa69fd81 [stream]
[debug] [2026-05-15T14:23:41.275Z] >>> [apiv2][query] POST https://upload-firebasehosting.googleapis.com/upload/sites/daily-collection-management/versions/e5070dd7f1161e9b/files/4c8be6f010512aaa170c50810d8f664dd6f23cf1dab1f021f72286810c67cebd [none]
[debug] [2026-05-15T14:23:41.275Z] >>> [apiv2][body] POST https://upload-firebasehosting.googleapis.com/upload/sites/daily-collection-management/versions/e5070dd7f1161e9b/files/4c8be6f010512aaa170c50810d8f664dd6f23cf1dab1f021f72286810c67cebd [stream]
[debug] [2026-05-15T14:23:41.276Z] >>> [apiv2][query] POST https://upload-firebasehosting.googleapis.com/upload/sites/daily-collection-management/versions/e5070dd7f1161e9b/files/8de14176168951448bbc0f6224be31a9d03b1ba417e20bbcdf4ccaca4d773297 [none]
[debug] [2026-05-15T14:23:41.276Z] >>> [apiv2][body] POST https://upload-firebasehosting.googleapis.com/upload/sites/daily-collection-management/versions/e5070dd7f1161e9b/files/8de14176168951448bbc0f6224be31a9d03b1ba417e20bbcdf4ccaca4d773297 [stream]
[debug] [2026-05-15T14:23:41.276Z] >>> [apiv2][query] POST https://upload-firebasehosting.googleapis.com/upload/sites/daily-collection-management/versions/e5070dd7f1161e9b/files/62347cceb1c9c0c6821e19289029480888af56bc67febeef105cc7bbdd4951eb [none]
[debug] [2026-05-15T14:23:41.276Z] >>> [apiv2][body] POST https://upload-firebasehosting.googleapis.com/upload/sites/daily-collection-management/versions/e5070dd7f1161e9b/files/62347cceb1c9c0c6821e19289029480888af56bc67febeef105cc7bbdd4951eb [stream]
[debug] [2026-05-15T14:23:41.277Z] >>> [apiv2][query] POST https://upload-firebasehosting.googleapis.com/upload/sites/daily-collection-management/versions/e5070dd7f1161e9b/files/5ac4b0c028aa0ce40e2d1c245ab5ffd2355f4ce238d7025626c0fd65c73b5e6f [none]
[debug] [2026-05-15T14:23:41.277Z] >>> [apiv2][body] POST https://upload-firebasehosting.googleapis.com/upload/sites/daily-collection-management/versions/e5070dd7f1161e9b/files/5ac4b0c028aa0ce40e2d1c245ab5ffd2355f4ce238d7025626c0fd65c73b5e6f [stream]
[debug] [2026-05-15T14:23:41.278Z] [hosting][populate queue][FINAL] {"max":962,"min":962,"avg":962,"active":0,"complete":1,"success":1,"errored":0,"retried":0,"total":1,"elapsed":982}
[debug] [2026-05-15T14:23:41.278Z] [hosting] uploads queued: 24
[info] i  hosting: uploading new files [0/24] (0%) 
[debug] [2026-05-15T14:23:43.065Z] <<< [apiv2][status] POST https://upload-firebasehosting.googleapis.com/upload/sites/daily-collection-management/versions/e5070dd7f1161e9b/files/670c84c279fd5354e6270d711ffcd79a195703ce05c1a264fe935ae823bf7ecf 200
[debug] [2026-05-15T14:23:43.065Z] <<< [apiv2][body] POST https://upload-firebasehosting.googleapis.com/upload/sites/daily-collection-management/versions/e5070dd7f1161e9b/files/670c84c279fd5354e6270d711ffcd79a195703ce05c1a264fe935ae823bf7ecf [stream]
[debug] [2026-05-15T14:23:43.067Z] <<< [apiv2][status] POST https://upload-firebasehosting.googleapis.com/upload/sites/daily-collection-management/versions/e5070dd7f1161e9b/files/36ba86f1fca36f757d3caf9e177995e78287ff3e3d3ca9ee9ce28e75c53a2bbf 200
[debug] [2026-05-15T14:23:43.067Z] <<< [apiv2][body] POST https://upload-firebasehosting.googleapis.com/upload/sites/daily-collection-management/versions/e5070dd7f1161e9b/files/36ba86f1fca36f757d3caf9e177995e78287ff3e3d3ca9ee9ce28e75c53a2bbf [stream]
[debug] [2026-05-15T14:23:43.225Z] <<< [apiv2][status] POST https://upload-firebasehosting.googleapis.com/upload/sites/daily-collection-management/versions/e5070dd7f1161e9b/files/5248ba3bca955e612aacd594593a69b068d1753bd4df01b090c12d7a768d44ce 200
[debug] [2026-05-15T14:23:43.225Z] <<< [apiv2][body] POST https://upload-firebasehosting.googleapis.com/upload/sites/daily-collection-management/versions/e5070dd7f1161e9b/files/5248ba3bca955e612aacd594593a69b068d1753bd4df01b090c12d7a768d44ce [stream]
[debug] [2026-05-15T14:23:43.226Z] <<< [apiv2][status] POST https://upload-firebasehosting.googleapis.com/upload/sites/daily-collection-management/versions/e5070dd7f1161e9b/files/b843f0fca3386e55ccb2bcf55fc97f6fa6f2ee3c3d9f07db09a917eafa0dc450 200
[debug] [2026-05-15T14:23:43.226Z] <<< [apiv2][body] POST https://upload-firebasehosting.googleapis.com/upload/sites/daily-collection-management/versions/e5070dd7f1161e9b/files/b843f0fca3386e55ccb2bcf55fc97f6fa6f2ee3c3d9f07db09a917eafa0dc450 [stream]
[debug] [2026-05-15T14:23:43.227Z] <<< [apiv2][status] POST https://upload-firebasehosting.googleapis.com/upload/sites/daily-collection-management/versions/e5070dd7f1161e9b/files/d5c099ad421edf3748e71b78873a4051e30f303b788c0476ee3732b4aa69fd81 200
[debug] [2026-05-15T14:23:43.228Z] <<< [apiv2][body] POST https://upload-firebasehosting.googleapis.com/upload/sites/daily-collection-management/versions/e5070dd7f1161e9b/files/d5c099ad421edf3748e71b78873a4051e30f303b788c0476ee3732b4aa69fd81 [stream]
[debug] [2026-05-15T14:23:43.229Z] <<< [apiv2][status] POST https://upload-firebasehosting.googleapis.com/upload/sites/daily-collection-management/versions/e5070dd7f1161e9b/files/62347cceb1c9c0c6821e19289029480888af56bc67febeef105cc7bbdd4951eb 200
[debug] [2026-05-15T14:23:43.229Z] <<< [apiv2][body] POST https://upload-firebasehosting.googleapis.com/upload/sites/daily-collection-management/versions/e5070dd7f1161e9b/files/62347cceb1c9c0c6821e19289029480888af56bc67febeef105cc7bbdd4951eb [stream]
[debug] [2026-05-15T14:23:43.230Z] <<< [apiv2][status] POST https://upload-firebasehosting.googleapis.com/upload/sites/daily-collection-management/versions/e5070dd7f1161e9b/files/fd04dc6b910511261879465a134fb28e0a2514674814d1a5b28a232d532858c9 200
[debug] [2026-05-15T14:23:43.230Z] <<< [apiv2][body] POST https://upload-firebasehosting.googleapis.com/upload/sites/daily-collection-management/versions/e5070dd7f1161e9b/files/fd04dc6b910511261879465a134fb28e0a2514674814d1a5b28a232d532858c9 [stream]
[debug] [2026-05-15T14:23:43.231Z] <<< [apiv2][status] POST https://upload-firebasehosting.googleapis.com/upload/sites/daily-collection-management/versions/e5070dd7f1161e9b/files/317716d5b548b0248237d75bd69dbed97dde5e7be6aacd2e2cf837be02f4955a 200
[debug] [2026-05-15T14:23:43.231Z] <<< [apiv2][body] POST https://upload-firebasehosting.googleapis.com/upload/sites/daily-collection-management/versions/e5070dd7f1161e9b/files/317716d5b548b0248237d75bd69dbed97dde5e7be6aacd2e2cf837be02f4955a [stream]
[debug] [2026-05-15T14:23:43.232Z] <<< [apiv2][status] POST https://upload-firebasehosting.googleapis.com/upload/sites/daily-collection-management/versions/e5070dd7f1161e9b/files/35e7039c1f124547fff3ac78b6b512f3ee9e2a856251aed75ff08edf3070c1d6 200
[debug] [2026-05-15T14:23:43.232Z] <<< [apiv2][body] POST https://upload-firebasehosting.googleapis.com/upload/sites/daily-collection-management/versions/e5070dd7f1161e9b/files/35e7039c1f124547fff3ac78b6b512f3ee9e2a856251aed75ff08edf3070c1d6 [stream]
[debug] [2026-05-15T14:23:43.233Z] <<< [apiv2][status] POST https://upload-firebasehosting.googleapis.com/upload/sites/daily-collection-management/versions/e5070dd7f1161e9b/files/31adeee989a34871eea56b28736f093456989daebf6d44aa5a3edf33f1897eb1 200
[debug] [2026-05-15T14:23:43.233Z] <<< [apiv2][body] POST https://upload-firebasehosting.googleapis.com/upload/sites/daily-collection-management/versions/e5070dd7f1161e9b/files/31adeee989a34871eea56b28736f093456989daebf6d44aa5a3edf33f1897eb1 [stream]
[debug] [2026-05-15T14:23:43.234Z] <<< [apiv2][status] POST https://upload-firebasehosting.googleapis.com/upload/sites/daily-collection-management/versions/e5070dd7f1161e9b/files/58fac64ff53881491b43c2d1be8ee3f2a0d230e4459f3f28f6359c11965770a7 200
[debug] [2026-05-15T14:23:43.234Z] <<< [apiv2][body] POST https://upload-firebasehosting.googleapis.com/upload/sites/daily-collection-management/versions/e5070dd7f1161e9b/files/58fac64ff53881491b43c2d1be8ee3f2a0d230e4459f3f28f6359c11965770a7 [stream]
[debug] [2026-05-15T14:23:43.234Z] <<< [apiv2][status] POST https://upload-firebasehosting.googleapis.com/upload/sites/daily-collection-management/versions/e5070dd7f1161e9b/files/e4ca6062aca961a7d43ccbfcd606eabd53d763032f682862c434fb7e6ee09b35 200
[debug] [2026-05-15T14:23:43.234Z] <<< [apiv2][body] POST https://upload-firebasehosting.googleapis.com/upload/sites/daily-collection-management/versions/e5070dd7f1161e9b/files/e4ca6062aca961a7d43ccbfcd606eabd53d763032f682862c434fb7e6ee09b35 [stream]
[debug] [2026-05-15T14:23:43.243Z] <<< [apiv2][status] POST https://upload-firebasehosting.googleapis.com/upload/sites/daily-collection-management/versions/e5070dd7f1161e9b/files/a6a0360e5fcd81e12b911975c8bd695e4f5b9f81c97a89c5ece240b810f0c90c 200
[debug] [2026-05-15T14:23:43.243Z] <<< [apiv2][body] POST https://upload-firebasehosting.googleapis.com/upload/sites/daily-collection-management/versions/e5070dd7f1161e9b/files/a6a0360e5fcd81e12b911975c8bd695e4f5b9f81c97a89c5ece240b810f0c90c [stream]
[debug] [2026-05-15T14:23:43.282Z] <<< [apiv2][status] POST https://upload-firebasehosting.googleapis.com/upload/sites/daily-collection-management/versions/e5070dd7f1161e9b/files/335be3f3260bdaf132c9aea84b57a8bcf205df591945e22206173d1371b8eb9a 200
[debug] [2026-05-15T14:23:43.282Z] <<< [apiv2][body] POST https://upload-firebasehosting.googleapis.com/upload/sites/daily-collection-management/versions/e5070dd7f1161e9b/files/335be3f3260bdaf132c9aea84b57a8bcf205df591945e22206173d1371b8eb9a [stream]
[debug] [2026-05-15T14:23:43.283Z] <<< [apiv2][status] POST https://upload-firebasehosting.googleapis.com/upload/sites/daily-collection-management/versions/e5070dd7f1161e9b/files/c291c43d4b3640ee4e9ed0606b03c7e932f6e9743aedbf5ba88640294ac4321c 200
[debug] [2026-05-15T14:23:43.283Z] <<< [apiv2][body] POST https://upload-firebasehosting.googleapis.com/upload/sites/daily-collection-management/versions/e5070dd7f1161e9b/files/c291c43d4b3640ee4e9ed0606b03c7e932f6e9743aedbf5ba88640294ac4321c [stream]
[debug] [2026-05-15T14:23:43.287Z] <<< [apiv2][status] POST https://upload-firebasehosting.googleapis.com/upload/sites/daily-collection-management/versions/e5070dd7f1161e9b/files/b7a5825467f0ca61cb5e345aba26b65f6b0f5bbd963a1ab70f4bf512d4320493 200
[debug] [2026-05-15T14:23:43.288Z] <<< [apiv2][body] POST https://upload-firebasehosting.googleapis.com/upload/sites/daily-collection-management/versions/e5070dd7f1161e9b/files/b7a5825467f0ca61cb5e345aba26b65f6b0f5bbd963a1ab70f4bf512d4320493 [stream]
[debug] [2026-05-15T14:23:43.337Z] <<< [apiv2][status] POST https://upload-firebasehosting.googleapis.com/upload/sites/daily-collection-management/versions/e5070dd7f1161e9b/files/8de14176168951448bbc0f6224be31a9d03b1ba417e20bbcdf4ccaca4d773297 200
[debug] [2026-05-15T14:23:43.337Z] <<< [apiv2][body] POST https://upload-firebasehosting.googleapis.com/upload/sites/daily-collection-management/versions/e5070dd7f1161e9b/files/8de14176168951448bbc0f6224be31a9d03b1ba417e20bbcdf4ccaca4d773297 [stream]
[debug] [2026-05-15T14:23:43.428Z] <<< [apiv2][status] POST https://upload-firebasehosting.googleapis.com/upload/sites/daily-collection-management/versions/e5070dd7f1161e9b/files/ba3ebf73f8cf05e6d1a48f16178389a5a7699d9f0b15f2588cd8c5c75e873071 200
[debug] [2026-05-15T14:23:43.428Z] <<< [apiv2][body] POST https://upload-firebasehosting.googleapis.com/upload/sites/daily-collection-management/versions/e5070dd7f1161e9b/files/ba3ebf73f8cf05e6d1a48f16178389a5a7699d9f0b15f2588cd8c5c75e873071 [stream]
[debug] [2026-05-15T14:23:43.477Z] <<< [apiv2][status] POST https://upload-firebasehosting.googleapis.com/upload/sites/daily-collection-management/versions/e5070dd7f1161e9b/files/4c8be6f010512aaa170c50810d8f664dd6f23cf1dab1f021f72286810c67cebd 200
[debug] [2026-05-15T14:23:43.477Z] <<< [apiv2][body] POST https://upload-firebasehosting.googleapis.com/upload/sites/daily-collection-management/versions/e5070dd7f1161e9b/files/4c8be6f010512aaa170c50810d8f664dd6f23cf1dab1f021f72286810c67cebd [stream]
[debug] [2026-05-15T14:23:43.560Z] <<< [apiv2][status] POST https://upload-firebasehosting.googleapis.com/upload/sites/daily-collection-management/versions/e5070dd7f1161e9b/files/c88cfa8c0beb5dc92238202f5c7dc6e86791f1cb49c3896962e977bca599a8e8 200
[debug] [2026-05-15T14:23:43.560Z] <<< [apiv2][body] POST https://upload-firebasehosting.googleapis.com/upload/sites/daily-collection-management/versions/e5070dd7f1161e9b/files/c88cfa8c0beb5dc92238202f5c7dc6e86791f1cb49c3896962e977bca599a8e8 [stream]
[debug] [2026-05-15T14:23:43.574Z] <<< [apiv2][status] POST https://upload-firebasehosting.googleapis.com/upload/sites/daily-collection-management/versions/e5070dd7f1161e9b/files/555991163415566d3b156f278933be048fc6c69ae5ac2180d373eccf9c07af81 200
[debug] [2026-05-15T14:23:43.575Z] <<< [apiv2][body] POST https://upload-firebasehosting.googleapis.com/upload/sites/daily-collection-management/versions/e5070dd7f1161e9b/files/555991163415566d3b156f278933be048fc6c69ae5ac2180d373eccf9c07af81 [stream]
[debug] [2026-05-15T14:23:43.636Z] <<< [apiv2][status] POST https://upload-firebasehosting.googleapis.com/upload/sites/daily-collection-management/versions/e5070dd7f1161e9b/files/5ac4b0c028aa0ce40e2d1c245ab5ffd2355f4ce238d7025626c0fd65c73b5e6f 200
[debug] [2026-05-15T14:23:43.636Z] <<< [apiv2][body] POST https://upload-firebasehosting.googleapis.com/upload/sites/daily-collection-management/versions/e5070dd7f1161e9b/files/5ac4b0c028aa0ce40e2d1c245ab5ffd2355f4ce238d7025626c0fd65c73b5e6f [stream]
[debug] [2026-05-15T14:23:43.651Z] <<< [apiv2][status] POST https://upload-firebasehosting.googleapis.com/upload/sites/daily-collection-management/versions/e5070dd7f1161e9b/files/f26d975216284e1ff1e2b28b1b98001a4c4cf14960f3b1a85d9e9433d8f6ea0f 200
[debug] [2026-05-15T14:23:43.652Z] <<< [apiv2][body] POST https://upload-firebasehosting.googleapis.com/upload/sites/daily-collection-management/versions/e5070dd7f1161e9b/files/f26d975216284e1ff1e2b28b1b98001a4c4cf14960f3b1a85d9e9433d8f6ea0f [stream]
[debug] [2026-05-15T14:23:43.777Z] <<< [apiv2][status] POST https://upload-firebasehosting.googleapis.com/upload/sites/daily-collection-management/versions/e5070dd7f1161e9b/files/eef38fc2f0cabfe2be38b09cfa2fd98979ae1cf30d42e8cfc4d99d9d9c60e677 200
[debug] [2026-05-15T14:23:43.778Z] <<< [apiv2][body] POST https://upload-firebasehosting.googleapis.com/upload/sites/daily-collection-management/versions/e5070dd7f1161e9b/files/eef38fc2f0cabfe2be38b09cfa2fd98979ae1cf30d42e8cfc4d99d9d9c60e677 [stream]
[debug] [2026-05-15T14:23:43.778Z] [hosting][upload queue][FINAL] {"max":2528,"min":1814,"avg":2078.1666666666665,"active":0,"complete":24,"success":24,"errored":0,"retried":0,"total":24,"elapsed":2529}
[info] i  hosting: upload complete 
[info] +  hosting[daily-collection-management]: file upload complete 
[debug] [2026-05-15T14:23:43.779Z] [hosting] deploy completed after 3523ms
[debug] [2026-05-15T14:23:43.780Z] [
  {
    "config": {
      "public": "frontend/dist",
      "ignore": [
        "firebase.json",
        "**/.*",
        "**/node_modules/**"
      ],
      "rewrites": [
        {
          "source": "**",
          "destination": "/index.html"
        }
      ],
      "site": "daily-collection-management"
    },
    "version": "projects/520682493376/sites/daily-collection-management/versions/e5070dd7f1161e9b"
  }
]
[info] i  hosting[daily-collection-management]: finalizing version... 
[debug] [2026-05-15T14:23:43.782Z] Checked if tokens are valid: true, expires at: 1778858614091
[debug] [2026-05-15T14:23:43.783Z] Checked if tokens are valid: true, expires at: 1778858614091
[debug] [2026-05-15T14:23:43.783Z] >>> [apiv2][query] PATCH https://firebasehosting.googleapis.com/v1beta1/projects/-/sites/daily-collection-management/versions/e5070dd7f1161e9b updateMask=status%2Cconfig
[debug] [2026-05-15T14:23:43.783Z] >>> [apiv2][body] PATCH https://firebasehosting.googleapis.com/v1beta1/projects/-/sites/daily-collection-management/versions/e5070dd7f1161e9b {"status":"FINALIZED","config":{"rewrites":[{"glob":"**","path":"/index.html"}]}}
[debug] [2026-05-15T14:23:44.889Z] <<< [apiv2][status] PATCH https://firebasehosting.googleapis.com/v1beta1/projects/-/sites/daily-collection-management/versions/e5070dd7f1161e9b 200
[debug] [2026-05-15T14:23:44.889Z] <<< [apiv2][body] PATCH https://firebasehosting.googleapis.com/v1beta1/projects/-/sites/daily-collection-management/versions/e5070dd7f1161e9b {"name":"projects/520682493376/sites/daily-collection-management/versions/e5070dd7f1161e9b","status":"FINALIZED","config":{"rewrites":[{"glob":"**","path":"/index.html"}]},"labels":{"deployment-tool":"cli-firebase"},"createTime":"2026-05-15T14:23:38.261562Z","createUser":{"email":"pratik49484@gmail.com"},"finalizeTime":"2026-05-15T14:23:43.401610Z","finalizeUser":{"email":"pratik49484@gmail.com"}}
[debug] [2026-05-15T14:23:44.889Z] [hosting] finalized version for daily-collection-management:[object Object]
[info] +  hosting[daily-collection-management]: version finalized 
[info] i  hosting[daily-collection-management]: releasing new version... 
[debug] [2026-05-15T14:23:44.890Z] Checked if tokens are valid: true, expires at: 1778858614091
[debug] [2026-05-15T14:23:44.891Z] Checked if tokens are valid: true, expires at: 1778858614091
[debug] [2026-05-15T14:23:44.891Z] >>> [apiv2][query] POST https://firebasehosting.googleapis.com/v1beta1/projects/-/sites/daily-collection-management/channels/live/releases versionName=projects%2F520682493376%2Fsites%2Fdaily-collection-management%2Fversions%2Fe5070dd7f1161e9b
[debug] [2026-05-15T14:23:44.891Z] >>> [apiv2][body] POST https://firebasehosting.googleapis.com/v1beta1/projects/-/sites/daily-collection-management/channels/live/releases {}
[debug] [2026-05-15T14:23:45.982Z] <<< [apiv2][status] POST https://firebasehosting.googleapis.com/v1beta1/projects/-/sites/daily-collection-management/channels/live/releases 200
[debug] [2026-05-15T14:23:45.982Z] <<< [apiv2][body] POST https://firebasehosting.googleapis.com/v1beta1/projects/-/sites/daily-collection-management/channels/live/releases {"name":"projects/520682493376/sites/daily-collection-management/channels/live/releases/1778855023797000","version":{"name":"projects/520682493376/sites/daily-collection-management/versions/e5070dd7f1161e9b","status":"FINALIZED","config":{"rewrites":[{"glob":"**","path":"/index.html"}]},"labels":{"deployment-tool":"cli-firebase"},"createTime":"2026-05-15T14:23:38.261562Z","createUser":{"email":"pratik49484@gmail.com","imageUrl":"https://lh3.googleusercontent.com/a/ACg8ocIqyTrSrET0G5sDZa47WK8cANgRRPIOjik7i5Zk11Mp6kPy5zE=mo"},"finalizeTime":"2026-05-15T14:23:43.401610Z","finalizeUser":{"email":"pratik49484@gmail.com","imageUrl":"https://lh3.googleusercontent.com/a/ACg8ocIqyTrSrET0G5sDZa47WK8cANgRRPIOjik7i5Zk11Mp6kPy5zE=mo"}},"type":"DEPLOY","releaseTime":"2026-05-15T14:23:43.797Z","releaseUser":{"email":"pratik49484@gmail.com","imageUrl":"https://lh3.googleusercontent.com/a/ACg8ocIqyTrSrET0G5sDZa47WK8cANgRRPIOjik7i5Zk11Mp6kPy5zE=mo"}}
[debug] [2026-05-15T14:23:45.982Z] [hosting] release: {"name":"projects/520682493376/sites/daily-collection-management/channels/live/releases/1778855023797000","version":{"name":"projects/520682493376/sites/daily-collection-management/versions/e5070dd7f1161e9b","status":"FINALIZED","config":{"rewrites":[{"glob":"**","path":"/index.html"}]},"labels":{"deployment-tool":"cli-firebase"},"createTime":"2026-05-15T14:23:38.261562Z","createUser":{"email":"pratik49484@gmail.com","imageUrl":"https://lh3.googleusercontent.com/a/ACg8ocIqyTrSrET0G5sDZa47WK8cANgRRPIOjik7i5Zk11Mp6kPy5zE=mo"},"finalizeTime":"2026-05-15T14:23:43.401610Z","finalizeUser":{"email":"pratik49484@gmail.com","imageUrl":"https://lh3.googleusercontent.com/a/ACg8ocIqyTrSrET0G5sDZa47WK8cANgRRPIOjik7i5Zk11Mp6kPy5zE=mo"}},"type":"DEPLOY","releaseTime":"2026-05-15T14:23:43.797Z","releaseUser":{"email":"pratik49484@gmail.com","imageUrl":"https://lh3.googleusercontent.com/a/ACg8ocIqyTrSrET0G5sDZa47WK8cANgRRPIOjik7i5Zk11Mp6kPy5zE=mo"}}
[info] +  hosting[daily-collection-management]: release complete 
[info] 
[info] +  Deploy complete! 
[info] 
[info] Project Console: https://console.firebase.google.com/project/daily-collection-management/overview
[info] Hosting URL: https://daily-collection-management.web.app
[debug] [2026-05-15T14:33:25.026Z] ----------------------------------------------------------------------
[debug] [2026-05-15T14:33:25.028Z] Command:       C:\Program Files\nodejs\node.exe C:\Users\gaura\AppData\Roaming\npm\node_modules\firebase-tools\lib\bin\firebase.js deploy --only hosting
[debug] [2026-05-15T14:33:25.028Z] CLI Version:   15.18.0
[debug] [2026-05-15T14:33:25.028Z] Platform:      win32
[debug] [2026-05-15T14:33:25.028Z] Node Version:  v24.14.0
[debug] [2026-05-15T14:33:25.028Z] Time:          Fri May 15 2026 20:03:25 GMT+0530 (India Standard Time)
[debug] [2026-05-15T14:33:25.029Z] ----------------------------------------------------------------------
[debug] 
[debug] [2026-05-15T14:33:26.107Z] > command requires scopes: ["email","openid","https://www.googleapis.com/auth/cloudplatformprojects.readonly","https://www.googleapis.com/auth/firebase","https://www.googleapis.com/auth/cloud-platform"]
[debug] [2026-05-15T14:33:26.107Z] > authorizing via signed-in user (pratik49484@gmail.com)
[debug] [2026-05-15T14:33:26.108Z] [iam] checking project daily-collection-management for permissions ["firebase.projects.get","firebasehosting.sites.update"]
[debug] [2026-05-15T14:33:26.109Z] Checked if tokens are valid: true, expires at: 1778858614091
[debug] [2026-05-15T14:33:26.109Z] Checked if tokens are valid: true, expires at: 1778858614091
[debug] [2026-05-15T14:33:26.110Z] >>> [apiv2][query] POST https://cloudresourcemanager.googleapis.com/v1/projects/daily-collection-management:testIamPermissions [none]
[debug] [2026-05-15T14:33:26.110Z] >>> [apiv2][(partial)header] POST https://cloudresourcemanager.googleapis.com/v1/projects/daily-collection-management:testIamPermissions  x-goog-user-project=daily-collection-management
[debug] [2026-05-15T14:33:26.110Z] >>> [apiv2][body] POST https://cloudresourcemanager.googleapis.com/v1/projects/daily-collection-management:testIamPermissions {"permissions":["firebase.projects.get","firebasehosting.sites.update"]}
[debug] [2026-05-15T14:33:27.872Z] <<< [apiv2][status] POST https://cloudresourcemanager.googleapis.com/v1/projects/daily-collection-management:testIamPermissions 200
[debug] [2026-05-15T14:33:27.873Z] <<< [apiv2][body] POST https://cloudresourcemanager.googleapis.com/v1/projects/daily-collection-management:testIamPermissions {"permissions":["firebase.projects.get","firebasehosting.sites.update"]}
[debug] [2026-05-15T14:33:27.873Z] Checked if tokens are valid: true, expires at: 1778858614091
[debug] [2026-05-15T14:33:27.873Z] Checked if tokens are valid: true, expires at: 1778858614091
[debug] [2026-05-15T14:33:27.874Z] >>> [apiv2][query] GET https://firebase.googleapis.com/v1beta1/projects/daily-collection-management [none]
[debug] [2026-05-15T14:33:28.508Z] <<< [apiv2][status] GET https://firebase.googleapis.com/v1beta1/projects/daily-collection-management 200
[debug] [2026-05-15T14:33:28.508Z] <<< [apiv2][body] GET https://firebase.googleapis.com/v1beta1/projects/daily-collection-management {"projectId":"daily-collection-management","projectNumber":"520682493376","displayName":"daily-collection-management","name":"projects/daily-collection-management","resources":{"hostingSite":"daily-collection-management"},"state":"ACTIVE","etag":"1_fd7c662f-6abb-45fe-bfa4-86e58ac93318"}
[info] 
[info] === Deploying to 'daily-collection-management'...
[info] 
[info] i  deploying hosting 
[debug] [2026-05-15T14:33:28.511Z] Checked if tokens are valid: true, expires at: 1778858614091
[debug] [2026-05-15T14:33:28.511Z] Checked if tokens are valid: true, expires at: 1778858614091
[debug] [2026-05-15T14:33:28.511Z] >>> [apiv2][query] GET https://firebasehosting.googleapis.com/v1beta1/projects/daily-collection-management/sites/daily-collection-management [none]
[debug] [2026-05-15T14:33:31.045Z] <<< [apiv2][status] GET https://firebasehosting.googleapis.com/v1beta1/projects/daily-collection-management/sites/daily-collection-management 200
[debug] [2026-05-15T14:33:31.046Z] <<< [apiv2][body] GET https://firebasehosting.googleapis.com/v1beta1/projects/daily-collection-management/sites/daily-collection-management {"name":"projects/daily-collection-management/sites/daily-collection-management","defaultUrl":"https://daily-collection-management.web.app","appId":"1:520682493376:web:cfa2fd2eaacd3f1324a425","type":"DEFAULT_SITE"}
[debug] [2026-05-15T14:33:31.050Z] Checked if tokens are valid: true, expires at: 1778858614091
[debug] [2026-05-15T14:33:31.050Z] Checked if tokens are valid: true, expires at: 1778858614091
[debug] [2026-05-15T14:33:31.050Z] >>> [apiv2][query] POST https://firebasehosting.googleapis.com/v1beta1/projects/-/sites/daily-collection-management/versions [none]
[debug] [2026-05-15T14:33:31.050Z] >>> [apiv2][body] POST https://firebasehosting.googleapis.com/v1beta1/projects/-/sites/daily-collection-management/versions {"status":"CREATED","labels":{"deployment-tool":"cli-firebase"}}
[debug] [2026-05-15T14:33:32.159Z] <<< [apiv2][status] POST https://firebasehosting.googleapis.com/v1beta1/projects/-/sites/daily-collection-management/versions 200
[debug] [2026-05-15T14:33:32.159Z] <<< [apiv2][body] POST https://firebasehosting.googleapis.com/v1beta1/projects/-/sites/daily-collection-management/versions {"name":"projects/520682493376/sites/daily-collection-management/versions/f6467613497e1521","status":"CREATED","config":{},"labels":{"deployment-tool":"cli-firebase"}}
[info] i  hosting[daily-collection-management]: beginning deploy... 
[info] i  hosting[daily-collection-management]: found 63 files in frontend/dist 
[debug] [2026-05-15T14:33:32.174Z] [hosting] uploading with 200 concurrency
[debug] [2026-05-15T14:33:32.203Z] Checked if tokens are valid: true, expires at: 1778858614091
[debug] [2026-05-15T14:33:32.203Z] Checked if tokens are valid: true, expires at: 1778858614091
[debug] [2026-05-15T14:33:32.204Z] [hosting] hash cache [ZnJvbnRlbmRcZGlzdA] stored for 63 files
[debug] [2026-05-15T14:33:32.204Z] [hosting][hash queue][FINAL] {"max":24,"min":4,"avg":11.698412698412698,"active":0,"complete":63,"success":63,"errored":0,"retried":0,"total":63,"elapsed":29}
[debug] [2026-05-15T14:33:32.204Z] >>> [apiv2][query] POST https://firebasehosting.googleapis.com/v1beta1/projects/520682493376/sites/daily-collection-management/versions/f6467613497e1521:populateFiles [none]
[debug] [2026-05-15T14:33:32.205Z] >>> [apiv2][body] POST https://firebasehosting.googleapis.com/v1beta1/projects/520682493376/sites/daily-collection-management/versions/f6467613497e1521:populateFiles {"files":{"/icons.svg":"a71fc7c82918feffdb1e7e59f1b494531849b1025cedc75bc6c0dfa2a941d54d","/favicon.svg":"44fea64ea0b4986cf22dbc28741fe402f021baf13dbd2cc8ce6aa04b24300573","/index.html":"d080ca854e8032f6c4d14227130b9d3203d944dcfa281b584732c257315bac77","/assets/SettingsPage-CTHbf0aY.js":"05d66a91b89041358278408d32b2c198155bb9d4b6583d3d792fed4bf15b8581","/assets/TodayCollectionSummaryPage-CxlHgBSl.js":"0687110c8e7bc23593a81fe5c1cc3644d84fe863e914ceb8b382716f6b73a961","/assets/PendingCustomersPage-ofW4FWuP.js":"66691b3a3a83a65bb621f61eca4a2c9b57c203cb250d5ea5785f1223d86bb5de","/assets/PenaltyDetailsPage-DZFDzrDs.js":"f6f7d1bc1189e9f99b461f3314568e198d313226dbe8b712fe84536f1dcde7a0","/assets/NotificationsPage-DLU-_-hL.js":"ead808470e34005456ccb1d05d81930c416dc42ee5eeaf9f8e4f30d1f22f0886","/assets/NotFoundPage-DHTMIWiF.js":"c891f94ca3f02561496c5d57ee04a854c16a1377540f60840cbf000ce567ab7f","/assets/OverdueEMIPage-Bm3-23P4.js":"9da4515daedcf35879ca3d9c695533258847edfd1ad50e9da8c19420c754c681","/assets/manrope-vietnamese-700-normal-CUqMx5-1.woff2":"60e65f047a34a3478817d680f050f56aa52e7ded0d516862fb11cd2f98dada1b","/assets/RegisterPage-Bt7a6caJ.js":"380c138ac9dffb0e5c8a49b5427904303248eca35b7672d102db68b76857c277","/assets/manrope-vietnamese-700-normal-pt65Fn2Z.woff":"2f4d1dd9cdbe18dded2bdf3ede4559b2686f0300dcdc4af3e006db4ffd6f9026","/assets/manrope-vietnamese-600-normal-C1J5PCl_.woff2":"6f7a17dcc12c0ef98f37df37cd0e97ce61d24df2ddabfd30f59ade45496535a7","/assets/manrope-vietnamese-600-normal-lA7a_7Ok.woff":"e86e6c461a5d59c75e4f0232d617926b2dabb48c15ffcdbffd2de9a0585aa38e","/assets/manrope-latin-ext-600-normal-_gBojHdJ.woff2":"3e215da79f5646fb50eb51dd01472fa300042c58ab85621eae7d865e26fa36b2","/assets/manrope-latin-ext-700-normal-eVCcYqtJ.woff":"552d9cdac241dffe45b75c007409006d11b2b115dbe7443cb144266f501b799f","/assets/manrope-latin-ext-600-normal-u5Pl7hTU.woff":"fa54a0152ff2e4bc71a86daba0e64706ac495343692aaa4b3d7f805ae9d0f1a9","/assets/manrope-latin-700-normal-BZp_XxE4.woff2":"1044a9f092e1ba17c6d5c17414bc50408591491d279595a7d0b0a4c635ab95db","/assets/manrope-latin-ext-700-normal-DYOwVNan.woff2":"f17aab3b4808ebadd53ac9f5e8bc198daf0626f98057093ac64048f427b5bfe0","/assets/manrope-latin-600-normal-4f0koTD-.woff2":"a76201f3396b53161e68b77f667a3f7a162a5615ab0a80268aed0e0fa15b05b0","/assets/manrope-greek-700-normal-CHUG9PD8.woff2":"b99dbe50f7eae3a71296132dba7ec69bcaeac2457b82c1864dd2d8e567f2f136","/assets/manrope-greek-700-normal-DyfsrCpP.woff":"22496c84e22765560de2fb73abf162a5d6fce7b5757f36beb095d8bc2bf14f24","/assets/manrope-cyrillic-700-normal-Dw_fZAg2.woff2":"bb9e2745c4e7efe8cb616d3b75760c2b9d92f9301ea8a8db9c28be2a49006107","/assets/manrope-greek-600-normal-CF2i9ZRY.woff":"d4daefd7cf2c3f6baf12ba1699a49b69144ca01af741d0b317bae4944999fc4f","/assets/LoginPage-mvpcgrE6.js":"344e90fd58d051881c90ca9d36fe2037d5a7deaff34c2a30209c042da9e20cb9","/assets/manrope-greek-600-normal-BoRV6lzK.woff2":"08d9f2dfcde86c1fd7094153f344dc112cb026bce50dc264cb379a8c10e9bb73","/assets/manrope-cyrillic-700-normal-7JNVKxyl.woff":"362b620e8834b0d752e652eb97b5b27f8b2ee720aacf776997ed6fe6e45b0cec","/assets/manrope-cyrillic-600-normal-DvRl3Mj-.woff2":"2537862b442ee5d5285bf9277c1e03d2204c6e0bfd1bfd1372d87b3cd695024e","/assets/manrope-cyrillic-600-normal-It4mZcQk.woff":"078932f8e67c15d446922cc3a0e11c61ceaa804b7d5ca38e088c612dbfdd2f53","/assets/LoanPage-C-1aSw_S.js":"4881f11aafb89158c972a560af5458424306f6cce6ebf1c8561167fdc2f318c3","/assets/loanService-D178EObT.js":"34374d3d6692e6232229e9df24701f0b38a0be98a2c00269aeb751b0a055edb0","/assets/format-C28d9KVE.js":"a7105764302168c752227f101a187e72dca43a3ce89cf6149f09f2be30cb8f5a","/assets/LoanDetailsPage-CKin5CwK.js":"62cfd6ae3d8121238c3aa7b2a885cb374f497f96d5e554092a718aaf929d9eaf","/assets/iconBase-CGlVIVYk.js":"301eec146d27869587e0f0f808dccae95cff529ad74bd30407d271e1f655945e","/assets/EditCustomerPage-CDQzX8SE.js":"ccd34f29fbd7ab59e18e33c0595612670d4f2e6c372a6d4f42398d3f94440ebd","/assets/EMIPaymentPage-BzaAYsdm.js":"e2a0cf31c83090efad2dc2a1175fd1c7d96ce45c9a91c4f1d2d075c58b9674b2","/assets/jsx-runtime-B6doAwFl.js":"fd09a537b18273c17dde56b9d3c23fb5b61437d02afdc8f27d4e81bbc1f5affa","/assets/dm-sans-latin-ext-500-normal-BJfUCQsA.woff2":"4f2870be4d0c232d1bfda5d50cb1d280cac5707f12742f7591228c734d17f40f","/assets/dm-sans-latin-ext-500-normal-DR84L5F-.woff":"8fd1b63617d7c9d5f6791db99799956a36b23cf20ca69efcadc2740648a52127","/assets/index-BDkZ7pDD.css":"35afe21a6edf95575fb4941e3fff5ba02e2a4671c03b67848f7889a6baec2440","/assets/dm-sans-latin-ext-400-normal-BtiwyxMk.woff2":"a7680dee0c85109bf389d3974594dec22bb0188866d284205b78b1f1dc70a22c","/assets/dm-sans-latin-ext-400-normal-BjWJ59Pq.woff":"ce2601cf9bd4dc79b4fcf8de5b611759f213e36695c30c574d793b8f27a078b1","/assets/dm-sans-latin-500-normal-B9HHJjqV.woff2":"142561f94637ba8059b5a02500ae91f7c574d3ab5d4d58d8019151aaa2bee754","/assets/dm-sans-latin-400-normal-CW0RaeGs.woff2":"6229ffbe77dbbd00a86ce64febb29d9a95c58b123af526c9b748140b8ee6310f","/assets/manrope-latin-600-normal-BqgrALkZ.woff":"63d109dc347a28ea28beca5b0669da9ee76ac86259399f938630c4747f651708","/assets/manrope-latin-700-normal-DGRFkw-m.woff":"8fced0054076e3f8c859bdd681b96d15ab0b2d1d7ea33b4d3233f35330ac0b63","/assets/dm-sans-latin-500-normal-Dr3UlScf.woff":"6e48369a30d0e1df4616c3365d8c3ef4d3aa9baff6cb587dbb3f5dbf2b18392e","/assets/dm-sans-latin-400-normal-BwCSEQnW.woff":"57eda5ed270c55e07f6effca1216dc7a6e9b8a54164facc9d0287a00a81e6e03","/assets/date--oMNSqjp.js":"5eb8226eb7202cefb0175af25da1399b204f11172bb74527b8b3ba0d14f84032","/assets/DailyCollectionPage-Bh5UhY_o.js":"64d1275da630e517e83e9470fa47bbe1a294090e3dcaf2766b2ded05bdd8164a","/assets/DashboardPage-BWQQZXpX.js":"ffcdcc1dbff535cb94f0108c371171aefe0e28bdefb3a7fbfdd7624e1f370592","/assets/CustomersPage-CSPw82pg.js":"79a9e482ac3a9fc7185e2aafc3cc0695d5396698fc08f477db09a30f0cc82236","/assets/customerService-amrejuFo.js":"a2ed0efcecbd9e89d40033b9aa465b584bdd70a9149d7e76fe26a086073f9661","/assets/CustomerForm-CwRBU6IF.js":"0178a1f288e07236b4cd908103723f9b3f733dc45fcfeabe48cc64338b809c23","/assets/CollectionTable-Cetln7_j.js":"4850ff4b85c748de960cf56e2c17d208da28d5259b4d2327367bd42c02536bc0","/assets/collectionService-C_mzsGj1.js":"0e4acded48609dd9b7f2a56c2bf6e0c39f07d3e779e4d5b8ea56e593448a0239","/assets/CustomerDetailsPage-6X6K-MFx.js":"b66549e0756fa5bf9610ac4c7eacdc68ef9284d3480cc04bbe45ead04911fd98","/assets/CollectionHistoryPage-DQQEsdZd.js":"251df201a1a6512239deda6eb2de96134bef13ed935ae5ba8812bc51c089e877","/assets/AddCustomerPage-CBGYdJWT.js":"1123435385edf7d406fce921df292eba09b8048a812a448c50239902a1ad99f8","/assets/index-BAphQTVz.js":"09d3c850e3f2dcc1220f9c355f831f7b8d18403e11a9d84aa3483ae6cfbe4b7a","/assets/ReportsPage-DLEYSkPn.js":"14dc8047300be9ea282f80f5cdfa811fd16189c3d2eb261dae9f22ef54578893","/assets/firestoreService-CvdRUmO6.js":"ed7e780a63d4e25b4739715e3ef8037e734be5ef045a916c6f234e2cec1254ee"}}
[debug] [2026-05-15T14:33:33.014Z] <<< [apiv2][status] POST https://firebasehosting.googleapis.com/v1beta1/projects/520682493376/sites/daily-collection-management/versions/f6467613497e1521:populateFiles 200
[debug] [2026-05-15T14:33:33.015Z] <<< [apiv2][body] POST https://firebasehosting.googleapis.com/v1beta1/projects/520682493376/sites/daily-collection-management/versions/f6467613497e1521:populateFiles {"uploadRequiredHashes":["a2ed0efcecbd9e89d40033b9aa465b584bdd70a9149d7e76fe26a086073f9661","1123435385edf7d406fce921df292eba09b8048a812a448c50239902a1ad99f8","64d1275da630e517e83e9470fa47bbe1a294090e3dcaf2766b2ded05bdd8164a","05d66a91b89041358278408d32b2c198155bb9d4b6583d3d792fed4bf15b8581","b66549e0756fa5bf9610ac4c7eacdc68ef9284d3480cc04bbe45ead04911fd98","380c138ac9dffb0e5c8a49b5427904303248eca35b7672d102db68b76857c277","0687110c8e7bc23593a81fe5c1cc3644d84fe863e914ceb8b382716f6b73a961","09d3c850e3f2dcc1220f9c355f831f7b8d18403e11a9d84aa3483ae6cfbe4b7a","d080ca854e8032f6c4d14227130b9d3203d944dcfa281b584732c257315bac77","ffcdcc1dbff535cb94f0108c371171aefe0e28bdefb3a7fbfdd7624e1f370592","35afe21a6edf95575fb4941e3fff5ba02e2a4671c03b67848f7889a6baec2440","0178a1f288e07236b4cd908103723f9b3f733dc45fcfeabe48cc64338b809c23","ead808470e34005456ccb1d05d81930c416dc42ee5eeaf9f8e4f30d1f22f0886","66691b3a3a83a65bb621f61eca4a2c9b57c203cb250d5ea5785f1223d86bb5de","14dc8047300be9ea282f80f5cdfa811fd16189c3d2eb261dae9f22ef54578893","4881f11aafb89158c972a560af5458424306f6cce6ebf1c8561167fdc2f318c3","9da4515daedcf35879ca3d9c695533258847edfd1ad50e9da8c19420c754c681","ccd34f29fbd7ab59e18e33c0595612670d4f2e6c372a6d4f42398d3f94440ebd","c891f94ca3f02561496c5d57ee04a854c16a1377540f60840cbf000ce567ab7f","62cfd6ae3d8121238c3aa7b2a885cb374f497f96d5e554092a718aaf929d9eaf","344e90fd58d051881c90ca9d36fe2037d5a7deaff34c2a30209c042da9e20cb9","f6f7d1bc1189e9f99b461f3314568e198d313226dbe8b712fe84536f1dcde7a0","e2a0cf31c83090efad2dc2a1175fd1c7d96ce45c9a91c4f1d2d075c58b9674b2","4850ff4b85c748de960cf56e2c17d208da28d5259b4d2327367bd42c02536bc0","251df201a1a6512239deda6eb2de96134bef13ed935ae5ba8812bc51c089e877","79a9e482ac3a9fc7185e2aafc3cc0695d5396698fc08f477db09a30f0cc82236"],"uploadUrl":"https://upload-firebasehosting.googleapis.com/upload/sites/daily-collection-management/versions/f6467613497e1521/files"}
[debug] [2026-05-15T14:33:33.016Z] Checked if tokens are valid: true, expires at: 1778858614091
[debug] [2026-05-15T14:33:33.017Z] Checked if tokens are valid: true, expires at: 1778858614091
[debug] [2026-05-15T14:33:33.017Z] Checked if tokens are valid: true, expires at: 1778858614091
[debug] [2026-05-15T14:33:33.017Z] Checked if tokens are valid: true, expires at: 1778858614091
[debug] [2026-05-15T14:33:33.018Z] Checked if tokens are valid: true, expires at: 1778858614091
[debug] [2026-05-15T14:33:33.018Z] Checked if tokens are valid: true, expires at: 1778858614091
[debug] [2026-05-15T14:33:33.019Z] Checked if tokens are valid: true, expires at: 1778858614091
[debug] [2026-05-15T14:33:33.019Z] Checked if tokens are valid: true, expires at: 1778858614091
[debug] [2026-05-15T14:33:33.020Z] Checked if tokens are valid: true, expires at: 1778858614091
[debug] [2026-05-15T14:33:33.020Z] Checked if tokens are valid: true, expires at: 1778858614091
[debug] [2026-05-15T14:33:33.020Z] Checked if tokens are valid: true, expires at: 1778858614091
[debug] [2026-05-15T14:33:33.020Z] Checked if tokens are valid: true, expires at: 1778858614091
[debug] [2026-05-15T14:33:33.020Z] Checked if tokens are valid: true, expires at: 1778858614091
[debug] [2026-05-15T14:33:33.020Z] Checked if tokens are valid: true, expires at: 1778858614091
[debug] [2026-05-15T14:33:33.021Z] Checked if tokens are valid: true, expires at: 1778858614091
[debug] [2026-05-15T14:33:33.021Z] Checked if tokens are valid: true, expires at: 1778858614091
[debug] [2026-05-15T14:33:33.021Z] Checked if tokens are valid: true, expires at: 1778858614091
[debug] [2026-05-15T14:33:33.021Z] Checked if tokens are valid: true, expires at: 1778858614091
[debug] [2026-05-15T14:33:33.021Z] Checked if tokens are valid: true, expires at: 1778858614091
[debug] [2026-05-15T14:33:33.021Z] Checked if tokens are valid: true, expires at: 1778858614091
[debug] [2026-05-15T14:33:33.021Z] Checked if tokens are valid: true, expires at: 1778858614091
[debug] [2026-05-15T14:33:33.021Z] Checked if tokens are valid: true, expires at: 1778858614091
[debug] [2026-05-15T14:33:33.021Z] Checked if tokens are valid: true, expires at: 1778858614091
[debug] [2026-05-15T14:33:33.021Z] Checked if tokens are valid: true, expires at: 1778858614091
[debug] [2026-05-15T14:33:33.022Z] Checked if tokens are valid: true, expires at: 1778858614091
[debug] [2026-05-15T14:33:33.022Z] Checked if tokens are valid: true, expires at: 1778858614091
[debug] [2026-05-15T14:33:33.022Z] Checked if tokens are valid: true, expires at: 1778858614091
[debug] [2026-05-15T14:33:33.022Z] Checked if tokens are valid: true, expires at: 1778858614091
[debug] [2026-05-15T14:33:33.022Z] Checked if tokens are valid: true, expires at: 1778858614091
[debug] [2026-05-15T14:33:33.022Z] Checked if tokens are valid: true, expires at: 1778858614091
[debug] [2026-05-15T14:33:33.022Z] Checked if tokens are valid: true, expires at: 1778858614091
[debug] [2026-05-15T14:33:33.022Z] Checked if tokens are valid: true, expires at: 1778858614091
[debug] [2026-05-15T14:33:33.023Z] Checked if tokens are valid: true, expires at: 1778858614091
[debug] [2026-05-15T14:33:33.023Z] Checked if tokens are valid: true, expires at: 1778858614091
[debug] [2026-05-15T14:33:33.023Z] Checked if tokens are valid: true, expires at: 1778858614091
[debug] [2026-05-15T14:33:33.023Z] Checked if tokens are valid: true, expires at: 1778858614091
[debug] [2026-05-15T14:33:33.023Z] Checked if tokens are valid: true, expires at: 1778858614091
[debug] [2026-05-15T14:33:33.023Z] Checked if tokens are valid: true, expires at: 1778858614091
[debug] [2026-05-15T14:33:33.023Z] Checked if tokens are valid: true, expires at: 1778858614091
[debug] [2026-05-15T14:33:33.023Z] Checked if tokens are valid: true, expires at: 1778858614091
[debug] [2026-05-15T14:33:33.024Z] Checked if tokens are valid: true, expires at: 1778858614091
[debug] [2026-05-15T14:33:33.024Z] Checked if tokens are valid: true, expires at: 1778858614091
[debug] [2026-05-15T14:33:33.024Z] Checked if tokens are valid: true, expires at: 1778858614091
[debug] [2026-05-15T14:33:33.024Z] Checked if tokens are valid: true, expires at: 1778858614091
[debug] [2026-05-15T14:33:33.024Z] Checked if tokens are valid: true, expires at: 1778858614091
[debug] [2026-05-15T14:33:33.024Z] Checked if tokens are valid: true, expires at: 1778858614091
[debug] [2026-05-15T14:33:33.024Z] Checked if tokens are valid: true, expires at: 1778858614091
[debug] [2026-05-15T14:33:33.024Z] Checked if tokens are valid: true, expires at: 1778858614091
[debug] [2026-05-15T14:33:33.024Z] Checked if tokens are valid: true, expires at: 1778858614091
[debug] [2026-05-15T14:33:33.024Z] Checked if tokens are valid: true, expires at: 1778858614091
[debug] [2026-05-15T14:33:33.024Z] Checked if tokens are valid: true, expires at: 1778858614091
[debug] [2026-05-15T14:33:33.024Z] Checked if tokens are valid: true, expires at: 1778858614091
[debug] [2026-05-15T14:33:33.025Z] >>> [apiv2][query] POST https://upload-firebasehosting.googleapis.com/upload/sites/daily-collection-management/versions/f6467613497e1521/files/a2ed0efcecbd9e89d40033b9aa465b584bdd70a9149d7e76fe26a086073f9661 [none]
[debug] [2026-05-15T14:33:33.025Z] >>> [apiv2][body] POST https://upload-firebasehosting.googleapis.com/upload/sites/daily-collection-management/versions/f6467613497e1521/files/a2ed0efcecbd9e89d40033b9aa465b584bdd70a9149d7e76fe26a086073f9661 [stream]
[debug] [2026-05-15T14:33:33.026Z] >>> [apiv2][query] POST https://upload-firebasehosting.googleapis.com/upload/sites/daily-collection-management/versions/f6467613497e1521/files/1123435385edf7d406fce921df292eba09b8048a812a448c50239902a1ad99f8 [none]
[debug] [2026-05-15T14:33:33.026Z] >>> [apiv2][body] POST https://upload-firebasehosting.googleapis.com/upload/sites/daily-collection-management/versions/f6467613497e1521/files/1123435385edf7d406fce921df292eba09b8048a812a448c50239902a1ad99f8 [stream]
[debug] [2026-05-15T14:33:33.027Z] >>> [apiv2][query] POST https://upload-firebasehosting.googleapis.com/upload/sites/daily-collection-management/versions/f6467613497e1521/files/64d1275da630e517e83e9470fa47bbe1a294090e3dcaf2766b2ded05bdd8164a [none]
[debug] [2026-05-15T14:33:33.028Z] >>> [apiv2][body] POST https://upload-firebasehosting.googleapis.com/upload/sites/daily-collection-management/versions/f6467613497e1521/files/64d1275da630e517e83e9470fa47bbe1a294090e3dcaf2766b2ded05bdd8164a [stream]
[debug] [2026-05-15T14:33:33.029Z] >>> [apiv2][query] POST https://upload-firebasehosting.googleapis.com/upload/sites/daily-collection-management/versions/f6467613497e1521/files/05d66a91b89041358278408d32b2c198155bb9d4b6583d3d792fed4bf15b8581 [none]
[debug] [2026-05-15T14:33:33.029Z] >>> [apiv2][body] POST https://upload-firebasehosting.googleapis.com/upload/sites/daily-collection-management/versions/f6467613497e1521/files/05d66a91b89041358278408d32b2c198155bb9d4b6583d3d792fed4bf15b8581 [stream]
[debug] [2026-05-15T14:33:33.030Z] >>> [apiv2][query] POST https://upload-firebasehosting.googleapis.com/upload/sites/daily-collection-management/versions/f6467613497e1521/files/b66549e0756fa5bf9610ac4c7eacdc68ef9284d3480cc04bbe45ead04911fd98 [none]
[debug] [2026-05-15T14:33:33.030Z] >>> [apiv2][body] POST https://upload-firebasehosting.googleapis.com/upload/sites/daily-collection-management/versions/f6467613497e1521/files/b66549e0756fa5bf9610ac4c7eacdc68ef9284d3480cc04bbe45ead04911fd98 [stream]
[debug] [2026-05-15T14:33:33.031Z] >>> [apiv2][query] POST https://upload-firebasehosting.googleapis.com/upload/sites/daily-collection-management/versions/f6467613497e1521/files/380c138ac9dffb0e5c8a49b5427904303248eca35b7672d102db68b76857c277 [none]
[debug] [2026-05-15T14:33:33.031Z] >>> [apiv2][body] POST https://upload-firebasehosting.googleapis.com/upload/sites/daily-collection-management/versions/f6467613497e1521/files/380c138ac9dffb0e5c8a49b5427904303248eca35b7672d102db68b76857c277 [stream]
[debug] [2026-05-15T14:33:33.032Z] >>> [apiv2][query] POST https://upload-firebasehosting.googleapis.com/upload/sites/daily-collection-management/versions/f6467613497e1521/files/0687110c8e7bc23593a81fe5c1cc3644d84fe863e914ceb8b382716f6b73a961 [none]
[debug] [2026-05-15T14:33:33.032Z] >>> [apiv2][body] POST https://upload-firebasehosting.googleapis.com/upload/sites/daily-collection-management/versions/f6467613497e1521/files/0687110c8e7bc23593a81fe5c1cc3644d84fe863e914ceb8b382716f6b73a961 [stream]
[debug] [2026-05-15T14:33:33.033Z] >>> [apiv2][query] POST https://upload-firebasehosting.googleapis.com/upload/sites/daily-collection-management/versions/f6467613497e1521/files/09d3c850e3f2dcc1220f9c355f831f7b8d18403e11a9d84aa3483ae6cfbe4b7a [none]
[debug] [2026-05-15T14:33:33.033Z] >>> [apiv2][body] POST https://upload-firebasehosting.googleapis.com/upload/sites/daily-collection-management/versions/f6467613497e1521/files/09d3c850e3f2dcc1220f9c355f831f7b8d18403e11a9d84aa3483ae6cfbe4b7a [stream]
[debug] [2026-05-15T14:33:33.033Z] >>> [apiv2][query] POST https://upload-firebasehosting.googleapis.com/upload/sites/daily-collection-management/versions/f6467613497e1521/files/d080ca854e8032f6c4d14227130b9d3203d944dcfa281b584732c257315bac77 [none]
[debug] [2026-05-15T14:33:33.033Z] >>> [apiv2][body] POST https://upload-firebasehosting.googleapis.com/upload/sites/daily-collection-management/versions/f6467613497e1521/files/d080ca854e8032f6c4d14227130b9d3203d944dcfa281b584732c257315bac77 [stream]
[debug] [2026-05-15T14:33:33.034Z] >>> [apiv2][query] POST https://upload-firebasehosting.googleapis.com/upload/sites/daily-collection-management/versions/f6467613497e1521/files/ffcdcc1dbff535cb94f0108c371171aefe0e28bdefb3a7fbfdd7624e1f370592 [none]
[debug] [2026-05-15T14:33:33.034Z] >>> [apiv2][body] POST https://upload-firebasehosting.googleapis.com/upload/sites/daily-collection-management/versions/f6467613497e1521/files/ffcdcc1dbff535cb94f0108c371171aefe0e28bdefb3a7fbfdd7624e1f370592 [stream]
[debug] [2026-05-15T14:33:33.035Z] >>> [apiv2][query] POST https://upload-firebasehosting.googleapis.com/upload/sites/daily-collection-management/versions/f6467613497e1521/files/35afe21a6edf95575fb4941e3fff5ba02e2a4671c03b67848f7889a6baec2440 [none]
[debug] [2026-05-15T14:33:33.035Z] >>> [apiv2][body] POST https://upload-firebasehosting.googleapis.com/upload/sites/daily-collection-management/versions/f6467613497e1521/files/35afe21a6edf95575fb4941e3fff5ba02e2a4671c03b67848f7889a6baec2440 [stream]
[debug] [2026-05-15T14:33:33.036Z] >>> [apiv2][query] POST https://upload-firebasehosting.googleapis.com/upload/sites/daily-collection-management/versions/f6467613497e1521/files/0178a1f288e07236b4cd908103723f9b3f733dc45fcfeabe48cc64338b809c23 [none]
[debug] [2026-05-15T14:33:33.036Z] >>> [apiv2][body] POST https://upload-firebasehosting.googleapis.com/upload/sites/daily-collection-management/versions/f6467613497e1521/files/0178a1f288e07236b4cd908103723f9b3f733dc45fcfeabe48cc64338b809c23 [stream]
[debug] [2026-05-15T14:33:33.037Z] >>> [apiv2][query] POST https://upload-firebasehosting.googleapis.com/upload/sites/daily-collection-management/versions/f6467613497e1521/files/ead808470e34005456ccb1d05d81930c416dc42ee5eeaf9f8e4f30d1f22f0886 [none]
[debug] [2026-05-15T14:33:33.037Z] >>> [apiv2][body] POST https://upload-firebasehosting.googleapis.com/upload/sites/daily-collection-management/versions/f6467613497e1521/files/ead808470e34005456ccb1d05d81930c416dc42ee5eeaf9f8e4f30d1f22f0886 [stream]
[debug] [2026-05-15T14:33:33.038Z] >>> [apiv2][query] POST https://upload-firebasehosting.googleapis.com/upload/sites/daily-collection-management/versions/f6467613497e1521/files/66691b3a3a83a65bb621f61eca4a2c9b57c203cb250d5ea5785f1223d86bb5de [none]
[debug] [2026-05-15T14:33:33.038Z] >>> [apiv2][body] POST https://upload-firebasehosting.googleapis.com/upload/sites/daily-collection-management/versions/f6467613497e1521/files/66691b3a3a83a65bb621f61eca4a2c9b57c203cb250d5ea5785f1223d86bb5de [stream]
[debug] [2026-05-15T14:33:33.038Z] >>> [apiv2][query] POST https://upload-firebasehosting.googleapis.com/upload/sites/daily-collection-management/versions/f6467613497e1521/files/14dc8047300be9ea282f80f5cdfa811fd16189c3d2eb261dae9f22ef54578893 [none]
[debug] [2026-05-15T14:33:33.039Z] >>> [apiv2][body] POST https://upload-firebasehosting.googleapis.com/upload/sites/daily-collection-management/versions/f6467613497e1521/files/14dc8047300be9ea282f80f5cdfa811fd16189c3d2eb261dae9f22ef54578893 [stream]
[debug] [2026-05-15T14:33:33.039Z] >>> [apiv2][query] POST https://upload-firebasehosting.googleapis.com/upload/sites/daily-collection-management/versions/f6467613497e1521/files/4881f11aafb89158c972a560af5458424306f6cce6ebf1c8561167fdc2f318c3 [none]
[debug] [2026-05-15T14:33:33.039Z] >>> [apiv2][body] POST https://upload-firebasehosting.googleapis.com/upload/sites/daily-collection-management/versions/f6467613497e1521/files/4881f11aafb89158c972a560af5458424306f6cce6ebf1c8561167fdc2f318c3 [stream]
[debug] [2026-05-15T14:33:33.040Z] >>> [apiv2][query] POST https://upload-firebasehosting.googleapis.com/upload/sites/daily-collection-management/versions/f6467613497e1521/files/9da4515daedcf35879ca3d9c695533258847edfd1ad50e9da8c19420c754c681 [none]
[debug] [2026-05-15T14:33:33.040Z] >>> [apiv2][body] POST https://upload-firebasehosting.googleapis.com/upload/sites/daily-collection-management/versions/f6467613497e1521/files/9da4515daedcf35879ca3d9c695533258847edfd1ad50e9da8c19420c754c681 [stream]
[debug] [2026-05-15T14:33:33.041Z] >>> [apiv2][query] POST https://upload-firebasehosting.googleapis.com/upload/sites/daily-collection-management/versions/f6467613497e1521/files/ccd34f29fbd7ab59e18e33c0595612670d4f2e6c372a6d4f42398d3f94440ebd [none]
[debug] [2026-05-15T14:33:33.041Z] >>> [apiv2][body] POST https://upload-firebasehosting.googleapis.com/upload/sites/daily-collection-management/versions/f6467613497e1521/files/ccd34f29fbd7ab59e18e33c0595612670d4f2e6c372a6d4f42398d3f94440ebd [stream]
[debug] [2026-05-15T14:33:33.042Z] >>> [apiv2][query] POST https://upload-firebasehosting.googleapis.com/upload/sites/daily-collection-management/versions/f6467613497e1521/files/c891f94ca3f02561496c5d57ee04a854c16a1377540f60840cbf000ce567ab7f [none]
[debug] [2026-05-15T14:33:33.042Z] >>> [apiv2][body] POST https://upload-firebasehosting.googleapis.com/upload/sites/daily-collection-management/versions/f6467613497e1521/files/c891f94ca3f02561496c5d57ee04a854c16a1377540f60840cbf000ce567ab7f [stream]
[debug] [2026-05-15T14:33:33.043Z] >>> [apiv2][query] POST https://upload-firebasehosting.googleapis.com/upload/sites/daily-collection-management/versions/f6467613497e1521/files/62cfd6ae3d8121238c3aa7b2a885cb374f497f96d5e554092a718aaf929d9eaf [none]
[debug] [2026-05-15T14:33:33.043Z] >>> [apiv2][body] POST https://upload-firebasehosting.googleapis.com/upload/sites/daily-collection-management/versions/f6467613497e1521/files/62cfd6ae3d8121238c3aa7b2a885cb374f497f96d5e554092a718aaf929d9eaf [stream]
[debug] [2026-05-15T14:33:33.044Z] >>> [apiv2][query] POST https://upload-firebasehosting.googleapis.com/upload/sites/daily-collection-management/versions/f6467613497e1521/files/344e90fd58d051881c90ca9d36fe2037d5a7deaff34c2a30209c042da9e20cb9 [none]
[debug] [2026-05-15T14:33:33.044Z] >>> [apiv2][body] POST https://upload-firebasehosting.googleapis.com/upload/sites/daily-collection-management/versions/f6467613497e1521/files/344e90fd58d051881c90ca9d36fe2037d5a7deaff34c2a30209c042da9e20cb9 [stream]
[debug] [2026-05-15T14:33:33.052Z] >>> [apiv2][query] POST https://upload-firebasehosting.googleapis.com/upload/sites/daily-collection-management/versions/f6467613497e1521/files/f6f7d1bc1189e9f99b461f3314568e198d313226dbe8b712fe84536f1dcde7a0 [none]
[debug] [2026-05-15T14:33:33.052Z] >>> [apiv2][body] POST https://upload-firebasehosting.googleapis.com/upload/sites/daily-collection-management/versions/f6467613497e1521/files/f6f7d1bc1189e9f99b461f3314568e198d313226dbe8b712fe84536f1dcde7a0 [stream]
[debug] [2026-05-15T14:33:33.053Z] >>> [apiv2][query] POST https://upload-firebasehosting.googleapis.com/upload/sites/daily-collection-management/versions/f6467613497e1521/files/e2a0cf31c83090efad2dc2a1175fd1c7d96ce45c9a91c4f1d2d075c58b9674b2 [none]
[debug] [2026-05-15T14:33:33.053Z] >>> [apiv2][body] POST https://upload-firebasehosting.googleapis.com/upload/sites/daily-collection-management/versions/f6467613497e1521/files/e2a0cf31c83090efad2dc2a1175fd1c7d96ce45c9a91c4f1d2d075c58b9674b2 [stream]
[debug] [2026-05-15T14:33:33.054Z] >>> [apiv2][query] POST https://upload-firebasehosting.googleapis.com/upload/sites/daily-collection-management/versions/f6467613497e1521/files/4850ff4b85c748de960cf56e2c17d208da28d5259b4d2327367bd42c02536bc0 [none]
[debug] [2026-05-15T14:33:33.054Z] >>> [apiv2][body] POST https://upload-firebasehosting.googleapis.com/upload/sites/daily-collection-management/versions/f6467613497e1521/files/4850ff4b85c748de960cf56e2c17d208da28d5259b4d2327367bd42c02536bc0 [stream]
[debug] [2026-05-15T14:33:33.055Z] >>> [apiv2][query] POST https://upload-firebasehosting.googleapis.com/upload/sites/daily-collection-management/versions/f6467613497e1521/files/251df201a1a6512239deda6eb2de96134bef13ed935ae5ba8812bc51c089e877 [none]
[debug] [2026-05-15T14:33:33.055Z] >>> [apiv2][body] POST https://upload-firebasehosting.googleapis.com/upload/sites/daily-collection-management/versions/f6467613497e1521/files/251df201a1a6512239deda6eb2de96134bef13ed935ae5ba8812bc51c089e877 [stream]
[debug] [2026-05-15T14:33:33.056Z] >>> [apiv2][query] POST https://upload-firebasehosting.googleapis.com/upload/sites/daily-collection-management/versions/f6467613497e1521/files/79a9e482ac3a9fc7185e2aafc3cc0695d5396698fc08f477db09a30f0cc82236 [none]
[debug] [2026-05-15T14:33:33.056Z] >>> [apiv2][body] POST https://upload-firebasehosting.googleapis.com/upload/sites/daily-collection-management/versions/f6467613497e1521/files/79a9e482ac3a9fc7185e2aafc3cc0695d5396698fc08f477db09a30f0cc82236 [stream]
[debug] [2026-05-15T14:33:33.057Z] [hosting][populate queue][FINAL] {"max":822,"min":822,"avg":822,"active":0,"complete":1,"success":1,"errored":0,"retried":0,"total":1,"elapsed":854}
[debug] [2026-05-15T14:33:33.057Z] [hosting] uploads queued: 26
[info] i  hosting: uploading new files [0/26] (0%) 
[debug] [2026-05-15T14:33:34.915Z] <<< [apiv2][status] POST https://upload-firebasehosting.googleapis.com/upload/sites/daily-collection-management/versions/f6467613497e1521/files/e2a0cf31c83090efad2dc2a1175fd1c7d96ce45c9a91c4f1d2d075c58b9674b2 200
[debug] [2026-05-15T14:33:34.915Z] <<< [apiv2][body] POST https://upload-firebasehosting.googleapis.com/upload/sites/daily-collection-management/versions/f6467613497e1521/files/e2a0cf31c83090efad2dc2a1175fd1c7d96ce45c9a91c4f1d2d075c58b9674b2 [stream]
[debug] [2026-05-15T14:33:34.933Z] <<< [apiv2][status] POST https://upload-firebasehosting.googleapis.com/upload/sites/daily-collection-management/versions/f6467613497e1521/files/380c138ac9dffb0e5c8a49b5427904303248eca35b7672d102db68b76857c277 200
[debug] [2026-05-15T14:33:34.933Z] <<< [apiv2][body] POST https://upload-firebasehosting.googleapis.com/upload/sites/daily-collection-management/versions/f6467613497e1521/files/380c138ac9dffb0e5c8a49b5427904303248eca35b7672d102db68b76857c277 [stream]
[debug] [2026-05-15T14:33:34.966Z] <<< [apiv2][status] POST https://upload-firebasehosting.googleapis.com/upload/sites/daily-collection-management/versions/f6467613497e1521/files/4881f11aafb89158c972a560af5458424306f6cce6ebf1c8561167fdc2f318c3 200
[debug] [2026-05-15T14:33:34.966Z] <<< [apiv2][body] POST https://upload-firebasehosting.googleapis.com/upload/sites/daily-collection-management/versions/f6467613497e1521/files/4881f11aafb89158c972a560af5458424306f6cce6ebf1c8561167fdc2f318c3 [stream]
[debug] [2026-05-15T14:33:35.011Z] <<< [apiv2][status] POST https://upload-firebasehosting.googleapis.com/upload/sites/daily-collection-management/versions/f6467613497e1521/files/a2ed0efcecbd9e89d40033b9aa465b584bdd70a9149d7e76fe26a086073f9661 200
[debug] [2026-05-15T14:33:35.011Z] <<< [apiv2][body] POST https://upload-firebasehosting.googleapis.com/upload/sites/daily-collection-management/versions/f6467613497e1521/files/a2ed0efcecbd9e89d40033b9aa465b584bdd70a9149d7e76fe26a086073f9661 [stream]
[debug] [2026-05-15T14:33:35.049Z] <<< [apiv2][status] POST https://upload-firebasehosting.googleapis.com/upload/sites/daily-collection-management/versions/f6467613497e1521/files/0178a1f288e07236b4cd908103723f9b3f733dc45fcfeabe48cc64338b809c23 200
[debug] [2026-05-15T14:33:35.049Z] <<< [apiv2][body] POST https://upload-firebasehosting.googleapis.com/upload/sites/daily-collection-management/versions/f6467613497e1521/files/0178a1f288e07236b4cd908103723f9b3f733dc45fcfeabe48cc64338b809c23 [stream]
[debug] [2026-05-15T14:33:35.075Z] <<< [apiv2][status] POST https://upload-firebasehosting.googleapis.com/upload/sites/daily-collection-management/versions/f6467613497e1521/files/66691b3a3a83a65bb621f61eca4a2c9b57c203cb250d5ea5785f1223d86bb5de 200
[debug] [2026-05-15T14:33:35.075Z] <<< [apiv2][body] POST https://upload-firebasehosting.googleapis.com/upload/sites/daily-collection-management/versions/f6467613497e1521/files/66691b3a3a83a65bb621f61eca4a2c9b57c203cb250d5ea5785f1223d86bb5de [stream]
[debug] [2026-05-15T14:33:35.083Z] <<< [apiv2][status] POST https://upload-firebasehosting.googleapis.com/upload/sites/daily-collection-management/versions/f6467613497e1521/files/251df201a1a6512239deda6eb2de96134bef13ed935ae5ba8812bc51c089e877 200
[debug] [2026-05-15T14:33:35.084Z] <<< [apiv2][body] POST https://upload-firebasehosting.googleapis.com/upload/sites/daily-collection-management/versions/f6467613497e1521/files/251df201a1a6512239deda6eb2de96134bef13ed935ae5ba8812bc51c089e877 [stream]
[debug] [2026-05-15T14:33:35.109Z] <<< [apiv2][status] POST https://upload-firebasehosting.googleapis.com/upload/sites/daily-collection-management/versions/f6467613497e1521/files/64d1275da630e517e83e9470fa47bbe1a294090e3dcaf2766b2ded05bdd8164a 200
[debug] [2026-05-15T14:33:35.110Z] <<< [apiv2][body] POST https://upload-firebasehosting.googleapis.com/upload/sites/daily-collection-management/versions/f6467613497e1521/files/64d1275da630e517e83e9470fa47bbe1a294090e3dcaf2766b2ded05bdd8164a [stream]
[debug] [2026-05-15T14:33:35.122Z] <<< [apiv2][status] POST https://upload-firebasehosting.googleapis.com/upload/sites/daily-collection-management/versions/f6467613497e1521/files/b66549e0756fa5bf9610ac4c7eacdc68ef9284d3480cc04bbe45ead04911fd98 200
[debug] [2026-05-15T14:33:35.123Z] <<< [apiv2][body] POST https://upload-firebasehosting.googleapis.com/upload/sites/daily-collection-management/versions/f6467613497e1521/files/b66549e0756fa5bf9610ac4c7eacdc68ef9284d3480cc04bbe45ead04911fd98 [stream]
[debug] [2026-05-15T14:33:35.124Z] <<< [apiv2][status] POST https://upload-firebasehosting.googleapis.com/upload/sites/daily-collection-management/versions/f6467613497e1521/files/ead808470e34005456ccb1d05d81930c416dc42ee5eeaf9f8e4f30d1f22f0886 200
[debug] [2026-05-15T14:33:35.124Z] <<< [apiv2][body] POST https://upload-firebasehosting.googleapis.com/upload/sites/daily-collection-management/versions/f6467613497e1521/files/ead808470e34005456ccb1d05d81930c416dc42ee5eeaf9f8e4f30d1f22f0886 [stream]
[debug] [2026-05-15T14:33:35.149Z] <<< [apiv2][status] POST https://upload-firebasehosting.googleapis.com/upload/sites/daily-collection-management/versions/f6467613497e1521/files/79a9e482ac3a9fc7185e2aafc3cc0695d5396698fc08f477db09a30f0cc82236 200
[debug] [2026-05-15T14:33:35.149Z] <<< [apiv2][body] POST https://upload-firebasehosting.googleapis.com/upload/sites/daily-collection-management/versions/f6467613497e1521/files/79a9e482ac3a9fc7185e2aafc3cc0695d5396698fc08f477db09a30f0cc82236 [stream]
[debug] [2026-05-15T14:33:35.159Z] <<< [apiv2][status] POST https://upload-firebasehosting.googleapis.com/upload/sites/daily-collection-management/versions/f6467613497e1521/files/1123435385edf7d406fce921df292eba09b8048a812a448c50239902a1ad99f8 200
[debug] [2026-05-15T14:33:35.160Z] <<< [apiv2][body] POST https://upload-firebasehosting.googleapis.com/upload/sites/daily-collection-management/versions/f6467613497e1521/files/1123435385edf7d406fce921df292eba09b8048a812a448c50239902a1ad99f8 [stream]
[debug] [2026-05-15T14:33:35.181Z] <<< [apiv2][status] POST https://upload-firebasehosting.googleapis.com/upload/sites/daily-collection-management/versions/f6467613497e1521/files/9da4515daedcf35879ca3d9c695533258847edfd1ad50e9da8c19420c754c681 200
[debug] [2026-05-15T14:33:35.181Z] <<< [apiv2][body] POST https://upload-firebasehosting.googleapis.com/upload/sites/daily-collection-management/versions/f6467613497e1521/files/9da4515daedcf35879ca3d9c695533258847edfd1ad50e9da8c19420c754c681 [stream]
[debug] [2026-05-15T14:33:35.184Z] <<< [apiv2][status] POST https://upload-firebasehosting.googleapis.com/upload/sites/daily-collection-management/versions/f6467613497e1521/files/0687110c8e7bc23593a81fe5c1cc3644d84fe863e914ceb8b382716f6b73a961 200
[debug] [2026-05-15T14:33:35.184Z] <<< [apiv2][body] POST https://upload-firebasehosting.googleapis.com/upload/sites/daily-collection-management/versions/f6467613497e1521/files/0687110c8e7bc23593a81fe5c1cc3644d84fe863e914ceb8b382716f6b73a961 [stream]
[debug] [2026-05-15T14:33:35.194Z] <<< [apiv2][status] POST https://upload-firebasehosting.googleapis.com/upload/sites/daily-collection-management/versions/f6467613497e1521/files/ffcdcc1dbff535cb94f0108c371171aefe0e28bdefb3a7fbfdd7624e1f370592 200
[debug] [2026-05-15T14:33:35.194Z] <<< [apiv2][body] POST https://upload-firebasehosting.googleapis.com/upload/sites/daily-collection-management/versions/f6467613497e1521/files/ffcdcc1dbff535cb94f0108c371171aefe0e28bdefb3a7fbfdd7624e1f370592 [stream]
[debug] [2026-05-15T14:33:35.194Z] <<< [apiv2][status] POST https://upload-firebasehosting.googleapis.com/upload/sites/daily-collection-management/versions/f6467613497e1521/files/ccd34f29fbd7ab59e18e33c0595612670d4f2e6c372a6d4f42398d3f94440ebd 200
[debug] [2026-05-15T14:33:35.195Z] <<< [apiv2][body] POST https://upload-firebasehosting.googleapis.com/upload/sites/daily-collection-management/versions/f6467613497e1521/files/ccd34f29fbd7ab59e18e33c0595612670d4f2e6c372a6d4f42398d3f94440ebd [stream]
[debug] [2026-05-15T14:33:35.216Z] <<< [apiv2][status] POST https://upload-firebasehosting.googleapis.com/upload/sites/daily-collection-management/versions/f6467613497e1521/files/35afe21a6edf95575fb4941e3fff5ba02e2a4671c03b67848f7889a6baec2440 200
[debug] [2026-05-15T14:33:35.217Z] <<< [apiv2][body] POST https://upload-firebasehosting.googleapis.com/upload/sites/daily-collection-management/versions/f6467613497e1521/files/35afe21a6edf95575fb4941e3fff5ba02e2a4671c03b67848f7889a6baec2440 [stream]
[debug] [2026-05-15T14:33:35.234Z] <<< [apiv2][status] POST https://upload-firebasehosting.googleapis.com/upload/sites/daily-collection-management/versions/f6467613497e1521/files/62cfd6ae3d8121238c3aa7b2a885cb374f497f96d5e554092a718aaf929d9eaf 200
[debug] [2026-05-15T14:33:35.234Z] <<< [apiv2][body] POST https://upload-firebasehosting.googleapis.com/upload/sites/daily-collection-management/versions/f6467613497e1521/files/62cfd6ae3d8121238c3aa7b2a885cb374f497f96d5e554092a718aaf929d9eaf [stream]
[debug] [2026-05-15T14:33:35.289Z] <<< [apiv2][status] POST https://upload-firebasehosting.googleapis.com/upload/sites/daily-collection-management/versions/f6467613497e1521/files/d080ca854e8032f6c4d14227130b9d3203d944dcfa281b584732c257315bac77 200
[debug] [2026-05-15T14:33:35.289Z] <<< [apiv2][body] POST https://upload-firebasehosting.googleapis.com/upload/sites/daily-collection-management/versions/f6467613497e1521/files/d080ca854e8032f6c4d14227130b9d3203d944dcfa281b584732c257315bac77 [stream]
[debug] [2026-05-15T14:33:35.295Z] <<< [apiv2][status] POST https://upload-firebasehosting.googleapis.com/upload/sites/daily-collection-management/versions/f6467613497e1521/files/c891f94ca3f02561496c5d57ee04a854c16a1377540f60840cbf000ce567ab7f 200
[debug] [2026-05-15T14:33:35.295Z] <<< [apiv2][body] POST https://upload-firebasehosting.googleapis.com/upload/sites/daily-collection-management/versions/f6467613497e1521/files/c891f94ca3f02561496c5d57ee04a854c16a1377540f60840cbf000ce567ab7f [stream]
[debug] [2026-05-15T14:33:35.337Z] <<< [apiv2][status] POST https://upload-firebasehosting.googleapis.com/upload/sites/daily-collection-management/versions/f6467613497e1521/files/05d66a91b89041358278408d32b2c198155bb9d4b6583d3d792fed4bf15b8581 200
[debug] [2026-05-15T14:33:35.337Z] <<< [apiv2][body] POST https://upload-firebasehosting.googleapis.com/upload/sites/daily-collection-management/versions/f6467613497e1521/files/05d66a91b89041358278408d32b2c198155bb9d4b6583d3d792fed4bf15b8581 [stream]
[debug] [2026-05-15T14:33:35.338Z] <<< [apiv2][status] POST https://upload-firebasehosting.googleapis.com/upload/sites/daily-collection-management/versions/f6467613497e1521/files/f6f7d1bc1189e9f99b461f3314568e198d313226dbe8b712fe84536f1dcde7a0 200
[debug] [2026-05-15T14:33:35.338Z] <<< [apiv2][body] POST https://upload-firebasehosting.googleapis.com/upload/sites/daily-collection-management/versions/f6467613497e1521/files/f6f7d1bc1189e9f99b461f3314568e198d313226dbe8b712fe84536f1dcde7a0 [stream]
[debug] [2026-05-15T14:33:35.339Z] <<< [apiv2][status] POST https://upload-firebasehosting.googleapis.com/upload/sites/daily-collection-management/versions/f6467613497e1521/files/4850ff4b85c748de960cf56e2c17d208da28d5259b4d2327367bd42c02536bc0 200
[debug] [2026-05-15T14:33:35.339Z] <<< [apiv2][body] POST https://upload-firebasehosting.googleapis.com/upload/sites/daily-collection-management/versions/f6467613497e1521/files/4850ff4b85c748de960cf56e2c17d208da28d5259b4d2327367bd42c02536bc0 [stream]
[debug] [2026-05-15T14:33:35.537Z] <<< [apiv2][status] POST https://upload-firebasehosting.googleapis.com/upload/sites/daily-collection-management/versions/f6467613497e1521/files/344e90fd58d051881c90ca9d36fe2037d5a7deaff34c2a30209c042da9e20cb9 200
[debug] [2026-05-15T14:33:35.537Z] <<< [apiv2][body] POST https://upload-firebasehosting.googleapis.com/upload/sites/daily-collection-management/versions/f6467613497e1521/files/344e90fd58d051881c90ca9d36fe2037d5a7deaff34c2a30209c042da9e20cb9 [stream]
[debug] [2026-05-15T14:33:35.565Z] <<< [apiv2][status] POST https://upload-firebasehosting.googleapis.com/upload/sites/daily-collection-management/versions/f6467613497e1521/files/14dc8047300be9ea282f80f5cdfa811fd16189c3d2eb261dae9f22ef54578893 200
[debug] [2026-05-15T14:33:35.566Z] <<< [apiv2][body] POST https://upload-firebasehosting.googleapis.com/upload/sites/daily-collection-management/versions/f6467613497e1521/files/14dc8047300be9ea282f80f5cdfa811fd16189c3d2eb261dae9f22ef54578893 [stream]
[debug] [2026-05-15T14:33:35.946Z] <<< [apiv2][status] POST https://upload-firebasehosting.googleapis.com/upload/sites/daily-collection-management/versions/f6467613497e1521/files/09d3c850e3f2dcc1220f9c355f831f7b8d18403e11a9d84aa3483ae6cfbe4b7a 200
[debug] [2026-05-15T14:33:35.947Z] <<< [apiv2][body] POST https://upload-firebasehosting.googleapis.com/upload/sites/daily-collection-management/versions/f6467613497e1521/files/09d3c850e3f2dcc1220f9c355f831f7b8d18403e11a9d84aa3483ae6cfbe4b7a [stream]
[debug] [2026-05-15T14:33:35.947Z] [hosting][upload queue][FINAL] {"max":2927,"min":1891,"avg":2192.3076923076924,"active":0,"complete":26,"success":26,"errored":0,"retried":0,"total":26,"elapsed":2932}
[info] i  hosting: upload complete 
[info] +  hosting[daily-collection-management]: file upload complete 
[debug] [2026-05-15T14:33:35.949Z] [hosting] deploy completed after 3786ms
[debug] [2026-05-15T14:33:35.949Z] [
  {
    "config": {
      "public": "frontend/dist",
      "ignore": [
        "firebase.json",
        "**/.*",
        "**/node_modules/**"
      ],
      "rewrites": [
        {
          "source": "**",
          "destination": "/index.html"
        }
      ],
      "site": "daily-collection-management"
    },
    "version": "projects/520682493376/sites/daily-collection-management/versions/f6467613497e1521"
  }
]
[info] i  hosting[daily-collection-management]: finalizing version... 
[debug] [2026-05-15T14:33:35.951Z] Checked if tokens are valid: true, expires at: 1778858614091
[debug] [2026-05-15T14:33:35.951Z] Checked if tokens are valid: true, expires at: 1778858614091
[debug] [2026-05-15T14:33:35.951Z] >>> [apiv2][query] PATCH https://firebasehosting.googleapis.com/v1beta1/projects/-/sites/daily-collection-management/versions/f6467613497e1521 updateMask=status%2Cconfig
[debug] [2026-05-15T14:33:35.951Z] >>> [apiv2][body] PATCH https://firebasehosting.googleapis.com/v1beta1/projects/-/sites/daily-collection-management/versions/f6467613497e1521 {"status":"FINALIZED","config":{"rewrites":[{"glob":"**","path":"/index.html"}]}}
[debug] [2026-05-15T14:33:36.801Z] <<< [apiv2][status] PATCH https://firebasehosting.googleapis.com/v1beta1/projects/-/sites/daily-collection-management/versions/f6467613497e1521 200
[debug] [2026-05-15T14:33:36.801Z] <<< [apiv2][body] PATCH https://firebasehosting.googleapis.com/v1beta1/projects/-/sites/daily-collection-management/versions/f6467613497e1521 {"name":"projects/520682493376/sites/daily-collection-management/versions/f6467613497e1521","status":"FINALIZED","config":{"rewrites":[{"glob":"**","path":"/index.html"}]},"labels":{"deployment-tool":"cli-firebase"},"createTime":"2026-05-15T14:33:30.134921Z","createUser":{"email":"pratik49484@gmail.com"},"finalizeTime":"2026-05-15T14:33:35.291584Z","finalizeUser":{"email":"pratik49484@gmail.com"}}
[debug] [2026-05-15T14:33:36.801Z] [hosting] finalized version for daily-collection-management:[object Object]
[info] +  hosting[daily-collection-management]: version finalized 
[info] i  hosting[daily-collection-management]: releasing new version... 
[debug] [2026-05-15T14:33:36.802Z] Checked if tokens are valid: true, expires at: 1778858614091
[debug] [2026-05-15T14:33:36.802Z] Checked if tokens are valid: true, expires at: 1778858614091
[debug] [2026-05-15T14:33:36.802Z] >>> [apiv2][query] POST https://firebasehosting.googleapis.com/v1beta1/projects/-/sites/daily-collection-management/channels/live/releases versionName=projects%2F520682493376%2Fsites%2Fdaily-collection-management%2Fversions%2Ff6467613497e1521
[debug] [2026-05-15T14:33:36.803Z] >>> [apiv2][body] POST https://firebasehosting.googleapis.com/v1beta1/projects/-/sites/daily-collection-management/channels/live/releases {}
[debug] [2026-05-15T14:33:37.609Z] <<< [apiv2][status] POST https://firebasehosting.googleapis.com/v1beta1/projects/-/sites/daily-collection-management/channels/live/releases 200
[debug] [2026-05-15T14:33:37.609Z] <<< [apiv2][body] POST https://firebasehosting.googleapis.com/v1beta1/projects/-/sites/daily-collection-management/channels/live/releases {"name":"projects/520682493376/sites/daily-collection-management/channels/live/releases/1778855615439000","version":{"name":"projects/520682493376/sites/daily-collection-management/versions/f6467613497e1521","status":"FINALIZED","config":{"rewrites":[{"glob":"**","path":"/index.html"}]},"labels":{"deployment-tool":"cli-firebase"},"createTime":"2026-05-15T14:33:30.134921Z","createUser":{"email":"pratik49484@gmail.com","imageUrl":"https://lh3.googleusercontent.com/a/ACg8ocIqyTrSrET0G5sDZa47WK8cANgRRPIOjik7i5Zk11Mp6kPy5zE=mo"},"finalizeTime":"2026-05-15T14:33:35.291584Z","finalizeUser":{"email":"pratik49484@gmail.com","imageUrl":"https://lh3.googleusercontent.com/a/ACg8ocIqyTrSrET0G5sDZa47WK8cANgRRPIOjik7i5Zk11Mp6kPy5zE=mo"}},"type":"DEPLOY","releaseTime":"2026-05-15T14:33:35.439Z","releaseUser":{"email":"pratik49484@gmail.com","imageUrl":"https://lh3.googleusercontent.com/a/ACg8ocIqyTrSrET0G5sDZa47WK8cANgRRPIOjik7i5Zk11Mp6kPy5zE=mo"}}
[debug] [2026-05-15T14:33:37.609Z] [hosting] release: {"name":"projects/520682493376/sites/daily-collection-management/channels/live/releases/1778855615439000","version":{"name":"projects/520682493376/sites/daily-collection-management/versions/f6467613497e1521","status":"FINALIZED","config":{"rewrites":[{"glob":"**","path":"/index.html"}]},"labels":{"deployment-tool":"cli-firebase"},"createTime":"2026-05-15T14:33:30.134921Z","createUser":{"email":"pratik49484@gmail.com","imageUrl":"https://lh3.googleusercontent.com/a/ACg8ocIqyTrSrET0G5sDZa47WK8cANgRRPIOjik7i5Zk11Mp6kPy5zE=mo"},"finalizeTime":"2026-05-15T14:33:35.291584Z","finalizeUser":{"email":"pratik49484@gmail.com","imageUrl":"https://lh3.googleusercontent.com/a/ACg8ocIqyTrSrET0G5sDZa47WK8cANgRRPIOjik7i5Zk11Mp6kPy5zE=mo"}},"type":"DEPLOY","releaseTime":"2026-05-15T14:33:35.439Z","releaseUser":{"email":"pratik49484@gmail.com","imageUrl":"https://lh3.googleusercontent.com/a/ACg8ocIqyTrSrET0G5sDZa47WK8cANgRRPIOjik7i5Zk11Mp6kPy5zE=mo"}}
[info] +  hosting[daily-collection-management]: release complete 
[info] 
[info] +  Deploy complete! 
[info] 
[info] Project Console: https://console.firebase.google.com/project/daily-collection-management/overview
[info] Hosting URL: https://daily-collection-management.web.app
[debug] [2026-05-15T14:46:55.745Z] ----------------------------------------------------------------------
[debug] [2026-05-15T14:46:55.748Z] Command:       C:\Program Files\nodejs\node.exe C:\Users\gaura\AppData\Roaming\npm\node_modules\firebase-tools\lib\bin\firebase.js deploy --only firestore:indexes
[debug] [2026-05-15T14:46:55.749Z] CLI Version:   15.18.0
[debug] [2026-05-15T14:46:55.749Z] Platform:      win32
[debug] [2026-05-15T14:46:55.749Z] Node Version:  v24.14.0
[debug] [2026-05-15T14:46:55.749Z] Time:          Fri May 15 2026 20:16:55 GMT+0530 (India Standard Time)
[debug] [2026-05-15T14:46:55.750Z] ----------------------------------------------------------------------
[debug] 
[debug] [2026-05-15T14:46:57.540Z] > command requires scopes: ["email","openid","https://www.googleapis.com/auth/cloudplatformprojects.readonly","https://www.googleapis.com/auth/firebase","https://www.googleapis.com/auth/cloud-platform"]
[debug] [2026-05-15T14:46:57.542Z] > authorizing via signed-in user (pratik49484@gmail.com)
[debug] [2026-05-15T14:46:57.542Z] [iam] checking project daily-collection-management for permissions ["datastore.indexes.create","datastore.indexes.delete","datastore.indexes.list","datastore.indexes.update","firebase.projects.get"]
[debug] [2026-05-15T14:46:57.544Z] Checked if tokens are valid: true, expires at: 1778858614091
[debug] [2026-05-15T14:46:57.544Z] Checked if tokens are valid: true, expires at: 1778858614091
[debug] [2026-05-15T14:46:57.545Z] >>> [apiv2][query] POST https://cloudresourcemanager.googleapis.com/v1/projects/daily-collection-management:testIamPermissions [none]
[debug] [2026-05-15T14:46:57.545Z] >>> [apiv2][(partial)header] POST https://cloudresourcemanager.googleapis.com/v1/projects/daily-collection-management:testIamPermissions  x-goog-user-project=daily-collection-management
[debug] [2026-05-15T14:46:57.546Z] >>> [apiv2][body] POST https://cloudresourcemanager.googleapis.com/v1/projects/daily-collection-management:testIamPermissions {"permissions":["datastore.indexes.create","datastore.indexes.delete","datastore.indexes.list","datastore.indexes.update","firebase.projects.get"]}
[debug] [2026-05-15T14:46:59.267Z] <<< [apiv2][status] POST https://cloudresourcemanager.googleapis.com/v1/projects/daily-collection-management:testIamPermissions 200
[debug] [2026-05-15T14:46:59.268Z] <<< [apiv2][body] POST https://cloudresourcemanager.googleapis.com/v1/projects/daily-collection-management:testIamPermissions {"permissions":["datastore.indexes.create","datastore.indexes.delete","datastore.indexes.list","datastore.indexes.update","firebase.projects.get"]}
[info] 
[info] === Deploying to 'daily-collection-management'...
[info] 
[info] i  deploying firestore 
[info] i  firestore: ensuring required API firestore.googleapis.com is enabled... 
[info] i  firestore: ensuring required API firestore.googleapis.com is enabled... 
[debug] [2026-05-15T14:46:59.271Z] Checked if tokens are valid: true, expires at: 1778858614091
[debug] [2026-05-15T14:46:59.271Z] Checked if tokens are valid: true, expires at: 1778858614091
[debug] [2026-05-15T14:46:59.272Z] >>> [apiv2][query] GET https://firestore.googleapis.com/v1/projects/daily-collection-management/databases/(default) [none]
[debug] [2026-05-15T14:47:01.111Z] <<< [apiv2][status] GET https://firestore.googleapis.com/v1/projects/daily-collection-management/databases/(default) 200
[debug] [2026-05-15T14:47:01.111Z] <<< [apiv2][body] GET https://firestore.googleapis.com/v1/projects/daily-collection-management/databases/(default) {"name":"projects/daily-collection-management/databases/(default)","uid":"00463c2c-4b90-4fb4-9be2-cde171a3fefa","createTime":"2026-05-15T07:56:27.284452Z","updateTime":"2026-05-15T07:56:27.284452Z","locationId":"nam5","type":"FIRESTORE_NATIVE","concurrencyMode":"PESSIMISTIC","versionRetentionPeriod":"3600s","earliestVersionTime":"2026-05-15T13:46:59.668881Z","appEngineIntegrationMode":"DISABLED","keyPrefix":"s","pointInTimeRecoveryEnablement":"POINT_IN_TIME_RECOVERY_DISABLED","deleteProtectionState":"DELETE_PROTECTION_DISABLED","databaseEdition":"STANDARD","freeTier":true,"realtimeUpdatesMode":"REALTIME_UPDATES_MODE_ENABLED","etag":"INfhgMjEu5QDMOT4vrvsupQD"}
[info] i  firestore: reading indexes from firebase/firestore.indexes.json... 
[info] i  cloud.firestore: checking firebase/firestore.rules for compilation errors... 
[debug] [2026-05-15T14:47:01.113Z] Checked if tokens are valid: true, expires at: 1778858614091
[debug] [2026-05-15T14:47:01.114Z] Checked if tokens are valid: true, expires at: 1778858614091
[debug] [2026-05-15T14:47:01.114Z] >>> [apiv2][query] POST https://firebaserules.googleapis.com/v1/projects/daily-collection-management:test [none]
[debug] [2026-05-15T14:47:01.114Z] >>> [apiv2][body] POST https://firebaserules.googleapis.com/v1/projects/daily-collection-management:test [omitted]
[debug] [2026-05-15T14:47:02.035Z] <<< [apiv2][status] POST https://firebaserules.googleapis.com/v1/projects/daily-collection-management:test 200
[debug] [2026-05-15T14:47:02.035Z] <<< [apiv2][body] POST https://firebaserules.googleapis.com/v1/projects/daily-collection-management:test {}
[info] +  cloud.firestore: rules file firebase/firestore.rules compiled successfully 
[info] i  firestore: deploying indexes... 
[debug] [2026-05-15T14:47:02.037Z] Checked if tokens are valid: true, expires at: 1778858614091
[debug] [2026-05-15T14:47:02.037Z] Checked if tokens are valid: true, expires at: 1778858614091
[debug] [2026-05-15T14:47:02.037Z] >>> [apiv2][query] GET https://firestore.googleapis.com/v1/projects/daily-collection-management/databases/(default)/collectionGroups/-/indexes [none]
[debug] [2026-05-15T14:47:02.420Z] <<< [apiv2][status] GET https://firestore.googleapis.com/v1/projects/daily-collection-management/databases/(default)/collectionGroups/-/indexes 200
[debug] [2026-05-15T14:47:02.420Z] <<< [apiv2][body] GET https://firestore.googleapis.com/v1/projects/daily-collection-management/databases/(default)/collectionGroups/-/indexes {"indexes":[{"name":"projects/daily-collection-management/databases/(default)/collectionGroups/dailyCollections/indexes/CICAgNiav4AK","queryScope":"COLLECTION","fields":[{"fieldPath":"collectorId","order":"ASCENDING"},{"fieldPath":"date","order":"DESCENDING"},{"fieldPath":"__name__","order":"DESCENDING"}],"state":"READY","density":"SPARSE_ALL"},{"name":"projects/daily-collection-management/databases/(default)/collectionGroups/dailyCollections/indexes/CICAgJim14AK","queryScope":"COLLECTION","fields":[{"fieldPath":"date","order":"ASCENDING"},{"fieldPath":"createdAt","order":"DESCENDING"},{"fieldPath":"__name__","order":"DESCENDING"}],"state":"READY","density":"SPARSE_ALL"},{"name":"projects/daily-collection-management/databases/(default)/collectionGroups/dailyCollections/indexes/CICAgLjy8IAK","queryScope":"COLLECTION","fields":[{"fieldPath":"status","order":"ASCENDING"},{"fieldPath":"date","order":"DESCENDING"},{"fieldPath":"__name__","order":"DESCENDING"}],"state":"READY","density":"SPARSE_ALL"},{"name":"projects/daily-collection-management/databases/(default)/collectionGroups/users/indexes/CICAgOjXh4EK","queryScope":"COLLECTION","fields":[{"fieldPath":"role","order":"ASCENDING"},{"fieldPath":"status","order":"ASCENDING"},{"fieldPath":"fullName","order":"ASCENDING"},{"fieldPath":"__name__","order":"ASCENDING"}],"state":"READY","density":"SPARSE_ALL"},{"name":"projects/daily-collection-management/databases/(default)/collectionGroups/notifications/indexes/CICAgJj7z4EK","queryScope":"COLLECTION","fields":[{"fieldPath":"userId","order":"ASCENDING"},{"fieldPath":"createdAt","order":"DESCENDING"},{"fieldPath":"__name__","order":"DESCENDING"}],"state":"READY","density":"SPARSE_ALL"},{"name":"projects/daily-collection-management/databases/(default)/collectionGroups/dailyCollections/indexes/CICAgNjpgYIK","queryScope":"COLLECTION","fields":[{"fieldPath":"customerId","order":"ASCENDING"},{"fieldPath":"date","order":"DESCENDING"},{"fieldPath":"__name__","order":"DESCENDING"}],"state":"READY","density":"SPARSE_ALL"},{"name":"projects/daily-collection-management/databases/(default)/collectionGroups/penalties/indexes/CICAgLjRyYIK","queryScope":"COLLECTION","fields":[{"fieldPath":"status","order":"ASCENDING"},{"fieldPath":"updatedAt","order":"DESCENDING"},{"fieldPath":"__name__","order":"DESCENDING"}],"state":"READY","density":"SPARSE_ALL"},{"name":"projects/daily-collection-management/databases/(default)/collectionGroups/emiPayments/indexes/CICAgJjF9oIK","queryScope":"COLLECTION","fields":[{"fieldPath":"collectorId","order":"ASCENDING"},{"fieldPath":"paymentDate","order":"DESCENDING"},{"fieldPath":"__name__","order":"DESCENDING"}],"state":"READY","density":"SPARSE_ALL"},{"name":"projects/daily-collection-management/databases/(default)/collectionGroups/customers/indexes/CICAgJiUpoMK","queryScope":"COLLECTION","fields":[{"fieldPath":"assignedCollectorId","order":"ASCENDING"},{"fieldPath":"shopName","order":"ASCENDING"},{"fieldPath":"__name__","order":"ASCENDING"}],"state":"READY","density":"SPARSE_ALL"},{"name":"projects/daily-collection-management/databases/(default)/collectionGroups/customers/indexes/CICAgNi47oMK","queryScope":"COLLECTION","fields":[{"fieldPath":"status","order":"ASCENDING"},{"fieldPath":"shopName","order":"ASCENDING"},{"fieldPath":"__name__","order":"ASCENDING"}],"state":"READY","density":"SPARSE_ALL"},{"name":"projects/daily-collection-management/databases/(default)/collectionGroups/loans/indexes/CICAgJjm4YQK","queryScope":"COLLECTION","fields":[{"fieldPath":"loanStatus","order":"ASCENDING"},{"fieldPath":"createdAt","order":"DESCENDING"},{"fieldPath":"__name__","order":"DESCENDING"}],"state":"READY","density":"SPARSE_ALL"},{"name":"projects/daily-collection-management/databases/(default)/collectionGroups/dailyCollections/indexes/CICAgNja0ogK","queryScope":"COLLECTION","fields":[{"fieldPath":"collectorId","order":"ASCENDING"},{"fieldPath":"customerId","order":"ASCENDING"},{"fieldPath":"date","order":"DESCENDING"},{"fieldPath":"__name__","order":"DESCENDING"}],"state":"READY","density":"SPARSE_ALL"},{"name":"projects/daily-collection-management/databases/(default)/collectionGroups/customers/indexes/CICAgOi39IkK","queryScope":"COLLECTION","fields":[{"fieldPath":"assignedCollectorId","order":"ASCENDING"},{"fieldPath":"status","order":"ASCENDING"},{"fieldPath":"shopName","order":"ASCENDING"},{"fieldPath":"__name__","order":"ASCENDING"}],"state":"READY","density":"SPARSE_ALL"},{"name":"projects/daily-collection-management/databases/(default)/collectionGroups/emiPayments/indexes/CICAgJiUzYsK","queryScope":"COLLECTION","fields":[{"fieldPath":"collectorId","order":"ASCENDING"},{"fieldPath":"paymentDate","order":"ASCENDING"},{"fieldPath":"createdAt","order":"DESCENDING"},{"fieldPath":"__name__","order":"DESCENDING"}],"state":"READY","density":"SPARSE_ALL"},{"name":"projects/daily-collection-management/databases/(default)/collectionGroups/dailyCollections/indexes/CICAgOi3kJAK","queryScope":"COLLECTION","fields":[{"fieldPath":"collectorId","order":"ASCENDING"},{"fieldPath":"date","order":"ASCENDING"},{"fieldPath":"createdAt","order":"DESCENDING"},{"fieldPath":"__name__","order":"DESCENDING"}],"state":"READY","density":"SPARSE_ALL"},{"name":"projects/daily-collection-management/databases/(default)/collectionGroups/loans/indexes/CICAgJjmiJEK","queryScope":"COLLECTION","fields":[{"fieldPath":"collectorId","order":"ASCENDING"},{"fieldPath":"createdAt","order":"DESCENDING"},{"fieldPath":"__name__","order":"DESCENDING"}],"state":"READY","density":"SPARSE_ALL"},{"name":"projects/daily-collection-management/databases/(default)/collectionGroups/emiPayments/indexes/CICAgNjaxJEK","queryScope":"COLLECTION","fields":[{"fieldPath":"loanId","order":"ASCENDING"},{"fieldPath":"paymentDate","order":"DESCENDING"},{"fieldPath":"__name__","order":"DESCENDING"}],"state":"READY","density":"SPARSE_ALL"},{"name":"projects/daily-collection-management/databases/(default)/collectionGroups/loans/indexes/CICAgLiIjZIK","queryScope":"COLLECTION","fields":[{"fieldPath":"collectorId","order":"ASCENDING"},{"fieldPath":"loanStatus","order":"ASCENDING"},{"fieldPath":"__name__","order":"ASCENDING"}],"state":"READY","density":"SPARSE_ALL"},{"name":"projects/daily-collection-management/databases/(default)/collectionGroups/loans/indexes/CICAgJiUsZIK","queryScope":"COLLECTION","fields":[{"fieldPath":"customerId","order":"ASCENDING"},{"fieldPath":"loanStatus","order":"ASCENDING"},{"fieldPath":"__name__","order":"ASCENDING"}],"state":"READY","density":"SPARSE_ALL"},{"name":"projects/daily-collection-management/databases/(default)/collectionGroups/emiPayments/indexes/CICAgJjmtZUK","queryScope":"COLLECTION","fields":[{"fieldPath":"paymentDate","order":"ASCENDING"},{"fieldPath":"createdAt","order":"DESCENDING"},{"fieldPath":"__name__","order":"DESCENDING"}],"state":"READY","density":"SPARSE_ALL"},{"name":"projects/daily-collection-management/databases/(default)/collectionGroups/penalties/indexes/CICAgOi36pgK","queryScope":"COLLECTION","fields":[{"fieldPath":"collectorId","order":"ASCENDING"},{"fieldPath":"status","order":"ASCENDING"},{"fieldPath":"updatedAt","order":"DESCENDING"},{"fieldPath":"__name__","order":"DESCENDING"}],"state":"READY","density":"SPARSE_ALL"},{"name":"projects/daily-collection-management/databases/(default)/collectionGroups/dailyCollections/indexes/CICAgJjm-pkK","queryScope":"COLLECTION","fields":[{"fieldPath":"collectorId","order":"ASCENDING"},{"fieldPath":"status","order":"ASCENDING"},{"fieldPath":"date","order":"DESCENDING"},{"fieldPath":"__name__","order":"DESCENDING"}],"state":"READY","density":"SPARSE_ALL"}]}
[debug] [2026-05-15T14:47:02.420Z] Checked if tokens are valid: true, expires at: 1778858614091
[debug] [2026-05-15T14:47:02.420Z] Checked if tokens are valid: true, expires at: 1778858614091
[debug] [2026-05-15T14:47:02.420Z] >>> [apiv2][query] GET https://firestore.googleapis.com/v1/projects/daily-collection-management/databases/(default)/collectionGroups/-/fields?filter=indexConfig.usesAncestorConfig=false OR ttlConfig:* [none]
[debug] [2026-05-15T14:47:02.817Z] <<< [apiv2][status] GET https://firestore.googleapis.com/v1/projects/daily-collection-management/databases/(default)/collectionGroups/-/fields?filter=indexConfig.usesAncestorConfig=false OR ttlConfig:* 200
[debug] [2026-05-15T14:47:02.817Z] <<< [apiv2][body] GET https://firestore.googleapis.com/v1/projects/daily-collection-management/databases/(default)/collectionGroups/-/fields?filter=indexConfig.usesAncestorConfig=false OR ttlConfig:* {"fields":[{"name":"projects/daily-collection-management/databases/(default)/collectionGroups/__default__/fields/*","indexConfig":{"indexes":[{"queryScope":"COLLECTION","fields":[{"fieldPath":"*","order":"ASCENDING"}],"state":"READY"},{"queryScope":"COLLECTION","fields":[{"fieldPath":"*","order":"DESCENDING"}],"state":"READY"},{"queryScope":"COLLECTION","fields":[{"fieldPath":"*","arrayConfig":"CONTAINS"}],"state":"READY"}]}}]}
[debug] [2026-05-15T14:47:02.818Z] Checked if tokens are valid: true, expires at: 1778858614091
[debug] [2026-05-15T14:47:02.818Z] Checked if tokens are valid: true, expires at: 1778858614091
[debug] [2026-05-15T14:47:02.818Z] >>> [apiv2][query] GET https://firestore.googleapis.com/v1/projects/daily-collection-management/databases/(default) [none]
[debug] [2026-05-15T14:47:03.198Z] <<< [apiv2][status] GET https://firestore.googleapis.com/v1/projects/daily-collection-management/databases/(default) 200
[debug] [2026-05-15T14:47:03.198Z] <<< [apiv2][body] GET https://firestore.googleapis.com/v1/projects/daily-collection-management/databases/(default) {"name":"projects/daily-collection-management/databases/(default)","uid":"00463c2c-4b90-4fb4-9be2-cde171a3fefa","createTime":"2026-05-15T07:56:27.284452Z","updateTime":"2026-05-15T07:56:27.284452Z","locationId":"nam5","type":"FIRESTORE_NATIVE","concurrencyMode":"PESSIMISTIC","versionRetentionPeriod":"3600s","earliestVersionTime":"2026-05-15T13:47:01.759277Z","appEngineIntegrationMode":"DISABLED","keyPrefix":"s","pointInTimeRecoveryEnablement":"POINT_IN_TIME_RECOVERY_DISABLED","deleteProtectionState":"DELETE_PROTECTION_DISABLED","databaseEdition":"STANDARD","freeTier":true,"realtimeUpdatesMode":"REALTIME_UPDATES_MODE_ENABLED","etag":"IO6tgMnEu5QDMOT4vrvsupQD"}
[debug] [2026-05-15T14:47:03.199Z] Skipping existing index: {"collectionGroup":"users","queryScope":"COLLECTION","fields":[{"fieldPath":"role","order":"ASCENDING"},{"fieldPath":"status","order":"ASCENDING"},{"fieldPath":"fullName","order":"ASCENDING"},{"fieldPath":"__name__","order":"ASCENDING"}]}
[debug] [2026-05-15T14:47:03.200Z] Skipping existing index: {"collectionGroup":"customers","queryScope":"COLLECTION","fields":[{"fieldPath":"assignedCollectorId","order":"ASCENDING"},{"fieldPath":"shopName","order":"ASCENDING"},{"fieldPath":"__name__","order":"ASCENDING"}]}
[debug] [2026-05-15T14:47:03.200Z] Skipping existing index: {"collectionGroup":"customers","queryScope":"COLLECTION","fields":[{"fieldPath":"assignedCollectorId","order":"ASCENDING"},{"fieldPath":"status","order":"ASCENDING"},{"fieldPath":"shopName","order":"ASCENDING"},{"fieldPath":"__name__","order":"ASCENDING"}]}
[debug] [2026-05-15T14:47:03.200Z] Skipping existing index: {"collectionGroup":"customers","queryScope":"COLLECTION","fields":[{"fieldPath":"status","order":"ASCENDING"},{"fieldPath":"shopName","order":"ASCENDING"},{"fieldPath":"__name__","order":"ASCENDING"}]}
[debug] [2026-05-15T14:47:03.200Z] Creating new index: {"collectionGroup":"customers","queryScope":"COLLECTION","fields":[{"fieldPath":"area","order":"ASCENDING"},{"fieldPath":"status","order":"ASCENDING"},{"fieldPath":"shopName","order":"ASCENDING"},{"fieldPath":"__name__","order":"ASCENDING"}]}
[debug] [2026-05-15T14:47:03.200Z] Checked if tokens are valid: true, expires at: 1778858614091
[debug] [2026-05-15T14:47:03.200Z] Checked if tokens are valid: true, expires at: 1778858614091
[debug] [2026-05-15T14:47:03.200Z] >>> [apiv2][query] POST https://firestore.googleapis.com/v1/projects/daily-collection-management/databases/(default)/collectionGroups/customers/indexes [none]
[debug] [2026-05-15T14:47:03.200Z] >>> [apiv2][body] POST https://firestore.googleapis.com/v1/projects/daily-collection-management/databases/(default)/collectionGroups/customers/indexes {"fields":[{"fieldPath":"area","order":"ASCENDING"},{"fieldPath":"status","order":"ASCENDING"},{"fieldPath":"shopName","order":"ASCENDING"},{"fieldPath":"__name__","order":"ASCENDING"}],"queryScope":"COLLECTION"}
[debug] [2026-05-15T14:47:03.740Z] <<< [apiv2][status] POST https://firestore.googleapis.com/v1/projects/daily-collection-management/databases/(default)/collectionGroups/customers/indexes 200
[debug] [2026-05-15T14:47:03.740Z] <<< [apiv2][body] POST https://firestore.googleapis.com/v1/projects/daily-collection-management/databases/(default)/collectionGroups/customers/indexes {"name":"projects/daily-collection-management/databases/(default)/operations/S0FKMkhpSmdBQ0lDDCoDIDdmOGFjNzdiNjY2Zi1lNjBiLTg4NDQtZGY4ZS1mNWQ4OGJhYSQac2VuaWxlcGlwCQpBEg","metadata":{"@type":"type.googleapis.com/google.firestore.admin.v1.IndexOperationMetadata","startTime":"2026-05-15T14:47:02.198436Z","index":"projects/daily-collection-management/databases/(default)/collectionGroups/customers/indexes/CICAgJiH2JAK","state":"INITIALIZING"}}
[debug] [2026-05-15T14:47:03.740Z] Skipping existing index: {"collectionGroup":"dailyCollections","queryScope":"COLLECTION","fields":[{"fieldPath":"collectorId","order":"ASCENDING"},{"fieldPath":"date","order":"ASCENDING"},{"fieldPath":"createdAt","order":"DESCENDING"},{"fieldPath":"__name__","order":"DESCENDING"}]}
[debug] [2026-05-15T14:47:03.740Z] Skipping existing index: {"collectionGroup":"dailyCollections","queryScope":"COLLECTION","fields":[{"fieldPath":"date","order":"ASCENDING"},{"fieldPath":"createdAt","order":"DESCENDING"},{"fieldPath":"__name__","order":"DESCENDING"}]}
[debug] [2026-05-15T14:47:03.740Z] Skipping existing index: {"collectionGroup":"dailyCollections","queryScope":"COLLECTION","fields":[{"fieldPath":"collectorId","order":"ASCENDING"},{"fieldPath":"date","order":"DESCENDING"},{"fieldPath":"__name__","order":"DESCENDING"}]}
[debug] [2026-05-15T14:47:03.740Z] Skipping existing index: {"collectionGroup":"dailyCollections","queryScope":"COLLECTION","fields":[{"fieldPath":"customerId","order":"ASCENDING"},{"fieldPath":"date","order":"DESCENDING"},{"fieldPath":"__name__","order":"DESCENDING"}]}
[debug] [2026-05-15T14:47:03.740Z] Skipping existing index: {"collectionGroup":"dailyCollections","queryScope":"COLLECTION","fields":[{"fieldPath":"collectorId","order":"ASCENDING"},{"fieldPath":"customerId","order":"ASCENDING"},{"fieldPath":"date","order":"DESCENDING"},{"fieldPath":"__name__","order":"DESCENDING"}]}
[debug] [2026-05-15T14:47:03.740Z] Skipping existing index: {"collectionGroup":"dailyCollections","queryScope":"COLLECTION","fields":[{"fieldPath":"status","order":"ASCENDING"},{"fieldPath":"date","order":"DESCENDING"},{"fieldPath":"__name__","order":"DESCENDING"}]}
[debug] [2026-05-15T14:47:03.740Z] Creating new index: {"collectionGroup":"dailySummaries","queryScope":"COLLECTION","fields":[{"fieldPath":"collectorId","order":"ASCENDING"},{"fieldPath":"date","order":"DESCENDING"}]}
[debug] [2026-05-15T14:47:03.740Z] Checked if tokens are valid: true, expires at: 1778858614091
[debug] [2026-05-15T14:47:03.740Z] Checked if tokens are valid: true, expires at: 1778858614091
[debug] [2026-05-15T14:47:03.741Z] >>> [apiv2][query] POST https://firestore.googleapis.com/v1/projects/daily-collection-management/databases/(default)/collectionGroups/dailySummaries/indexes [none]
[debug] [2026-05-15T14:47:03.741Z] >>> [apiv2][body] POST https://firestore.googleapis.com/v1/projects/daily-collection-management/databases/(default)/collectionGroups/dailySummaries/indexes {"fields":[{"fieldPath":"collectorId","order":"ASCENDING"},{"fieldPath":"date","order":"DESCENDING"}],"queryScope":"COLLECTION"}
[debug] [2026-05-15T14:47:04.254Z] <<< [apiv2][status] POST https://firestore.googleapis.com/v1/projects/daily-collection-management/databases/(default)/collectionGroups/dailySummaries/indexes 200
[debug] [2026-05-15T14:47:04.254Z] <<< [apiv2][body] POST https://firestore.googleapis.com/v1/projects/daily-collection-management/databases/(default)/collectionGroups/dailySummaries/indexes {"name":"projects/daily-collection-management/databases/(default)/operations/S0VJNlRpTGdBQ0lDDCoDIDg2M2I3NmUzMjRiOS00NmQ5LTZmNzQtNzlhZi00OWRmMjNmZiQac2VuaWxlcGlwCQpBEg","metadata":{"@type":"type.googleapis.com/google.firestore.admin.v1.IndexOperationMetadata","startTime":"2026-05-15T14:47:02.761208Z","index":"projects/daily-collection-management/databases/(default)/collectionGroups/dailySummaries/indexes/CICAgLiT6IEK","state":"INITIALIZING"}}
[debug] [2026-05-15T14:47:04.254Z] Skipping existing index: {"collectionGroup":"dailyCollections","queryScope":"COLLECTION","fields":[{"fieldPath":"collectorId","order":"ASCENDING"},{"fieldPath":"status","order":"ASCENDING"},{"fieldPath":"date","order":"DESCENDING"},{"fieldPath":"__name__","order":"DESCENDING"}]}
[debug] [2026-05-15T14:47:04.254Z] Skipping existing index: {"collectionGroup":"loans","queryScope":"COLLECTION","fields":[{"fieldPath":"collectorId","order":"ASCENDING"},{"fieldPath":"createdAt","order":"DESCENDING"},{"fieldPath":"__name__","order":"DESCENDING"}]}
[debug] [2026-05-15T14:47:04.254Z] Skipping existing index: {"collectionGroup":"loans","queryScope":"COLLECTION","fields":[{"fieldPath":"loanStatus","order":"ASCENDING"},{"fieldPath":"createdAt","order":"DESCENDING"},{"fieldPath":"__name__","order":"DESCENDING"}]}
[debug] [2026-05-15T14:47:04.254Z] Skipping existing index: {"collectionGroup":"loans","queryScope":"COLLECTION","fields":[{"fieldPath":"collectorId","order":"ASCENDING"},{"fieldPath":"loanStatus","order":"ASCENDING"},{"fieldPath":"__name__","order":"ASCENDING"}]}
[debug] [2026-05-15T14:47:04.254Z] Creating new index: {"collectionGroup":"loans","queryScope":"COLLECTION","fields":[{"fieldPath":"collectorId","order":"ASCENDING"},{"fieldPath":"loanStatus","order":"ASCENDING"},{"fieldPath":"createdAt","order":"DESCENDING"},{"fieldPath":"__name__","order":"DESCENDING"}]}
[debug] [2026-05-15T14:47:04.254Z] Checked if tokens are valid: true, expires at: 1778858614091
[debug] [2026-05-15T14:47:04.255Z] Checked if tokens are valid: true, expires at: 1778858614091
[debug] [2026-05-15T14:47:04.255Z] >>> [apiv2][query] POST https://firestore.googleapis.com/v1/projects/daily-collection-management/databases/(default)/collectionGroups/loans/indexes [none]
[debug] [2026-05-15T14:47:04.255Z] >>> [apiv2][body] POST https://firestore.googleapis.com/v1/projects/daily-collection-management/databases/(default)/collectionGroups/loans/indexes {"fields":[{"fieldPath":"collectorId","order":"ASCENDING"},{"fieldPath":"loanStatus","order":"ASCENDING"},{"fieldPath":"createdAt","order":"DESCENDING"},{"fieldPath":"__name__","order":"DESCENDING"}],"queryScope":"COLLECTION"}
[debug] [2026-05-15T14:47:04.679Z] <<< [apiv2][status] POST https://firestore.googleapis.com/v1/projects/daily-collection-management/databases/(default)/collectionGroups/loans/indexes 200
[debug] [2026-05-15T14:47:04.679Z] <<< [apiv2][body] POST https://firestore.googleapis.com/v1/projects/daily-collection-management/databases/(default)/collectionGroups/loans/indexes {"name":"projects/daily-collection-management/databases/(default)/operations/SmdvMGFqTmdBQ0lDDCoDIDk2NzgwYzkzODc5Ni0wMDc5LWQ5MzQtOGZmYi1lNjY5ZDg2ZCQac2VuaWxlcGlwCQpBEg","metadata":{"@type":"type.googleapis.com/google.firestore.admin.v1.IndexOperationMetadata","startTime":"2026-05-15T14:47:03.198992Z","index":"projects/daily-collection-management/databases/(default)/collectionGroups/loans/indexes/CICAgNja0ogJ","state":"INITIALIZING"}}
[debug] [2026-05-15T14:47:04.679Z] Skipping existing index: {"collectionGroup":"loans","queryScope":"COLLECTION","fields":[{"fieldPath":"customerId","order":"ASCENDING"},{"fieldPath":"loanStatus","order":"ASCENDING"},{"fieldPath":"__name__","order":"ASCENDING"}]}
[debug] [2026-05-15T14:47:04.679Z] Creating new index: {"collectionGroup":"loans","queryScope":"COLLECTION","fields":[{"fieldPath":"loanStatus","order":"ASCENDING"},{"fieldPath":"nextDueDate","order":"ASCENDING"},{"fieldPath":"__name__","order":"ASCENDING"}]}
[debug] [2026-05-15T14:47:04.679Z] Checked if tokens are valid: true, expires at: 1778858614091
[debug] [2026-05-15T14:47:04.680Z] Checked if tokens are valid: true, expires at: 1778858614091
[debug] [2026-05-15T14:47:04.680Z] >>> [apiv2][query] POST https://firestore.googleapis.com/v1/projects/daily-collection-management/databases/(default)/collectionGroups/loans/indexes [none]
[debug] [2026-05-15T14:47:04.680Z] >>> [apiv2][body] POST https://firestore.googleapis.com/v1/projects/daily-collection-management/databases/(default)/collectionGroups/loans/indexes {"fields":[{"fieldPath":"loanStatus","order":"ASCENDING"},{"fieldPath":"nextDueDate","order":"ASCENDING"},{"fieldPath":"__name__","order":"ASCENDING"}],"queryScope":"COLLECTION"}
[debug] [2026-05-15T14:47:05.225Z] <<< [apiv2][status] POST https://firestore.googleapis.com/v1/projects/daily-collection-management/databases/(default)/collectionGroups/loans/indexes 200
[debug] [2026-05-15T14:47:05.225Z] <<< [apiv2][body] POST https://firestore.googleapis.com/v1/projects/daily-collection-management/databases/(default)/collectionGroups/loans/indexes {"name":"projects/daily-collection-management/databases/(default)/operations/S01ZMmdpUGdBQ0lDDCoDIGQwOTBiZjEzMDZkNy1hZjY5LTc5MDQtYTcwNS1mMTVjMDk5NCQac2VuaWxlcGlwCQpBEg","metadata":{"@type":"type.googleapis.com/google.firestore.admin.v1.IndexOperationMetadata","startTime":"2026-05-15T14:47:03.731749Z","index":"projects/daily-collection-management/databases/(default)/collectionGroups/loans/indexes/CICAgPig2YMK","state":"INITIALIZING"}}
[debug] [2026-05-15T14:47:05.225Z] Skipping existing index: {"collectionGroup":"emiPayments","queryScope":"COLLECTION","fields":[{"fieldPath":"paymentDate","order":"ASCENDING"},{"fieldPath":"createdAt","order":"DESCENDING"},{"fieldPath":"__name__","order":"DESCENDING"}]}
[debug] [2026-05-15T14:47:05.225Z] Skipping existing index: {"collectionGroup":"emiPayments","queryScope":"COLLECTION","fields":[{"fieldPath":"collectorId","order":"ASCENDING"},{"fieldPath":"paymentDate","order":"ASCENDING"},{"fieldPath":"createdAt","order":"DESCENDING"},{"fieldPath":"__name__","order":"DESCENDING"}]}
[debug] [2026-05-15T14:47:05.225Z] Skipping existing index: {"collectionGroup":"emiPayments","queryScope":"COLLECTION","fields":[{"fieldPath":"loanId","order":"ASCENDING"},{"fieldPath":"paymentDate","order":"DESCENDING"},{"fieldPath":"__name__","order":"DESCENDING"}]}
[debug] [2026-05-15T14:47:05.225Z] Skipping existing index: {"collectionGroup":"emiPayments","queryScope":"COLLECTION","fields":[{"fieldPath":"collectorId","order":"ASCENDING"},{"fieldPath":"paymentDate","order":"DESCENDING"},{"fieldPath":"__name__","order":"DESCENDING"}]}
[debug] [2026-05-15T14:47:05.225Z] Skipping existing index: {"collectionGroup":"penalties","queryScope":"COLLECTION","fields":[{"fieldPath":"status","order":"ASCENDING"},{"fieldPath":"updatedAt","order":"DESCENDING"},{"fieldPath":"__name__","order":"DESCENDING"}]}
[debug] [2026-05-15T14:47:05.225Z] Skipping existing index: {"collectionGroup":"penalties","queryScope":"COLLECTION","fields":[{"fieldPath":"collectorId","order":"ASCENDING"},{"fieldPath":"status","order":"ASCENDING"},{"fieldPath":"updatedAt","order":"DESCENDING"},{"fieldPath":"__name__","order":"DESCENDING"}]}
[debug] [2026-05-15T14:47:05.225Z] Skipping existing index: {"collectionGroup":"notifications","queryScope":"COLLECTION","fields":[{"fieldPath":"userId","order":"ASCENDING"},{"fieldPath":"createdAt","order":"DESCENDING"},{"fieldPath":"__name__","order":"DESCENDING"}]}
[debug] [2026-05-15T14:47:05.226Z] Creating new index: {"collectionGroup":"notifications","queryScope":"COLLECTION","fields":[{"fieldPath":"userId","order":"ASCENDING"},{"fieldPath":"isRead","order":"ASCENDING"},{"fieldPath":"createdAt","order":"DESCENDING"},{"fieldPath":"__name__","order":"DESCENDING"}]}
[debug] [2026-05-15T14:47:05.226Z] Checked if tokens are valid: true, expires at: 1778858614091
[debug] [2026-05-15T14:47:05.226Z] Checked if tokens are valid: true, expires at: 1778858614091
[debug] [2026-05-15T14:47:05.226Z] >>> [apiv2][query] POST https://firestore.googleapis.com/v1/projects/daily-collection-management/databases/(default)/collectionGroups/notifications/indexes [none]
[debug] [2026-05-15T14:47:05.226Z] >>> [apiv2][body] POST https://firestore.googleapis.com/v1/projects/daily-collection-management/databases/(default)/collectionGroups/notifications/indexes {"fields":[{"fieldPath":"userId","order":"ASCENDING"},{"fieldPath":"isRead","order":"ASCENDING"},{"fieldPath":"createdAt","order":"DESCENDING"},{"fieldPath":"__name__","order":"DESCENDING"}],"queryScope":"COLLECTION"}
[debug] [2026-05-15T14:47:05.658Z] <<< [apiv2][status] POST https://firestore.googleapis.com/v1/projects/daily-collection-management/databases/(default)/collectionGroups/notifications/indexes 200
[debug] [2026-05-15T14:47:05.658Z] <<< [apiv2][body] POST https://firestore.googleapis.com/v1/projects/daily-collection-management/databases/(default)/collectionGroups/notifications/indexes {"name":"projects/daily-collection-management/databases/(default)/operations/SlFZNG1qSmdBQ0lDDCoDIGNmYjQ0YTM5ZGY4Mi01NTRhLWJhNDQtODBjNi03MmEzM2FhZiQac2VuaWxlcGlwCQpBEg","metadata":{"@type":"type.googleapis.com/google.firestore.admin.v1.IndexOperationMetadata","startTime":"2026-05-15T14:47:04.174952Z","index":"projects/daily-collection-management/databases/(default)/collectionGroups/notifications/indexes/CICAgJjm4YQJ","state":"INITIALIZING"}}
[info] +  firestore: deployed indexes in firebase/firestore.indexes.json successfully for (default) database 
[info] 
[info] +  Deploy complete! 
[info] 
[info] Project Console: https://console.firebase.google.com/project/daily-collection-management/overview
[debug] [2026-05-15T14:47:32.515Z] ----------------------------------------------------------------------
[debug] [2026-05-15T14:47:32.518Z] Command:       C:\Program Files\nodejs\node.exe C:\Users\gaura\AppData\Roaming\npm\node_modules\firebase-tools\lib\bin\firebase.js deploy --only hosting
[debug] [2026-05-15T14:47:32.518Z] CLI Version:   15.18.0
[debug] [2026-05-15T14:47:32.519Z] Platform:      win32
[debug] [2026-05-15T14:47:32.519Z] Node Version:  v24.14.0
[debug] [2026-05-15T14:47:32.519Z] Time:          Fri May 15 2026 20:17:32 GMT+0530 (India Standard Time)
[debug] [2026-05-15T14:47:32.519Z] ----------------------------------------------------------------------
[debug] 
[debug] [2026-05-15T14:47:33.956Z] > command requires scopes: ["email","openid","https://www.googleapis.com/auth/cloudplatformprojects.readonly","https://www.googleapis.com/auth/firebase","https://www.googleapis.com/auth/cloud-platform"]
[debug] [2026-05-15T14:47:33.957Z] > authorizing via signed-in user (pratik49484@gmail.com)
[debug] [2026-05-15T14:47:33.957Z] [iam] checking project daily-collection-management for permissions ["firebase.projects.get","firebasehosting.sites.update"]
[debug] [2026-05-15T14:47:33.959Z] Checked if tokens are valid: true, expires at: 1778858614091
[debug] [2026-05-15T14:47:33.959Z] Checked if tokens are valid: true, expires at: 1778858614091
[debug] [2026-05-15T14:47:33.960Z] >>> [apiv2][query] POST https://cloudresourcemanager.googleapis.com/v1/projects/daily-collection-management:testIamPermissions [none]
[debug] [2026-05-15T14:47:33.960Z] >>> [apiv2][(partial)header] POST https://cloudresourcemanager.googleapis.com/v1/projects/daily-collection-management:testIamPermissions  x-goog-user-project=daily-collection-management
[debug] [2026-05-15T14:47:33.961Z] >>> [apiv2][body] POST https://cloudresourcemanager.googleapis.com/v1/projects/daily-collection-management:testIamPermissions {"permissions":["firebase.projects.get","firebasehosting.sites.update"]}
[debug] [2026-05-15T14:47:35.465Z] <<< [apiv2][status] POST https://cloudresourcemanager.googleapis.com/v1/projects/daily-collection-management:testIamPermissions 200
[debug] [2026-05-15T14:47:35.465Z] <<< [apiv2][body] POST https://cloudresourcemanager.googleapis.com/v1/projects/daily-collection-management:testIamPermissions {"permissions":["firebase.projects.get","firebasehosting.sites.update"]}
[debug] [2026-05-15T14:47:35.466Z] Checked if tokens are valid: true, expires at: 1778858614091
[debug] [2026-05-15T14:47:35.466Z] Checked if tokens are valid: true, expires at: 1778858614091
[debug] [2026-05-15T14:47:35.466Z] >>> [apiv2][query] GET https://firebase.googleapis.com/v1beta1/projects/daily-collection-management [none]
[debug] [2026-05-15T14:47:36.151Z] <<< [apiv2][status] GET https://firebase.googleapis.com/v1beta1/projects/daily-collection-management 200
[debug] [2026-05-15T14:47:36.151Z] <<< [apiv2][body] GET https://firebase.googleapis.com/v1beta1/projects/daily-collection-management {"projectId":"daily-collection-management","projectNumber":"520682493376","displayName":"daily-collection-management","name":"projects/daily-collection-management","resources":{"hostingSite":"daily-collection-management"},"state":"ACTIVE","etag":"1_fd7c662f-6abb-45fe-bfa4-86e58ac93318"}
[info] 
[info] === Deploying to 'daily-collection-management'...
[info] 
[info] i  deploying hosting 
[debug] [2026-05-15T14:47:36.154Z] Checked if tokens are valid: true, expires at: 1778858614091
[debug] [2026-05-15T14:47:36.154Z] Checked if tokens are valid: true, expires at: 1778858614091
[debug] [2026-05-15T14:47:36.154Z] >>> [apiv2][query] GET https://firebasehosting.googleapis.com/v1beta1/projects/daily-collection-management/sites/daily-collection-management [none]
[debug] [2026-05-15T14:47:37.566Z] <<< [apiv2][status] GET https://firebasehosting.googleapis.com/v1beta1/projects/daily-collection-management/sites/daily-collection-management 200
[debug] [2026-05-15T14:47:37.566Z] <<< [apiv2][body] GET https://firebasehosting.googleapis.com/v1beta1/projects/daily-collection-management/sites/daily-collection-management {"name":"projects/daily-collection-management/sites/daily-collection-management","defaultUrl":"https://daily-collection-management.web.app","appId":"1:520682493376:web:cfa2fd2eaacd3f1324a425","type":"DEFAULT_SITE"}
[debug] [2026-05-15T14:47:37.569Z] Checked if tokens are valid: true, expires at: 1778858614091
[debug] [2026-05-15T14:47:37.569Z] Checked if tokens are valid: true, expires at: 1778858614091
[debug] [2026-05-15T14:47:37.569Z] >>> [apiv2][query] POST https://firebasehosting.googleapis.com/v1beta1/projects/-/sites/daily-collection-management/versions [none]
[debug] [2026-05-15T14:47:37.569Z] >>> [apiv2][body] POST https://firebasehosting.googleapis.com/v1beta1/projects/-/sites/daily-collection-management/versions {"status":"CREATED","labels":{"deployment-tool":"cli-firebase"}}
[debug] [2026-05-15T14:47:38.887Z] <<< [apiv2][status] POST https://firebasehosting.googleapis.com/v1beta1/projects/-/sites/daily-collection-management/versions 200
[debug] [2026-05-15T14:47:38.887Z] <<< [apiv2][body] POST https://firebasehosting.googleapis.com/v1beta1/projects/-/sites/daily-collection-management/versions {"name":"projects/520682493376/sites/daily-collection-management/versions/0202169b4f1c5a20","status":"CREATED","config":{},"labels":{"deployment-tool":"cli-firebase"}}
[info] i  hosting[daily-collection-management]: beginning deploy... 
[info] i  hosting[daily-collection-management]: found 68 files in frontend/dist 
[debug] [2026-05-15T14:47:38.904Z] [hosting] uploading with 200 concurrency
[debug] [2026-05-15T14:47:38.945Z] Checked if tokens are valid: true, expires at: 1778858614091
[debug] [2026-05-15T14:47:38.945Z] Checked if tokens are valid: true, expires at: 1778858614091
[debug] [2026-05-15T14:47:38.946Z] [hosting] hash cache [ZnJvbnRlbmRcZGlzdA] stored for 68 files
[debug] [2026-05-15T14:47:38.946Z] [hosting][hash queue][FINAL] {"max":34,"min":4,"avg":15.161764705882353,"active":0,"complete":68,"success":68,"errored":0,"retried":0,"total":68,"elapsed":40}
[debug] [2026-05-15T14:47:38.947Z] >>> [apiv2][query] POST https://firebasehosting.googleapis.com/v1beta1/projects/520682493376/sites/daily-collection-management/versions/0202169b4f1c5a20:populateFiles [none]
[debug] [2026-05-15T14:47:38.947Z] >>> [apiv2][body] POST https://firebasehosting.googleapis.com/v1beta1/projects/520682493376/sites/daily-collection-management/versions/0202169b4f1c5a20:populateFiles {"files":{"/icons.svg":"a71fc7c82918feffdb1e7e59f1b494531849b1025cedc75bc6c0dfa2a941d54d","/favicon.svg":"44fea64ea0b4986cf22dbc28741fe402f021baf13dbd2cc8ce6aa04b24300573","/index.html":"d2be115bc7125b4cc3eef919ca7e5ccf36e7295e8baf6ca9fdc4b51141c6a0ba","/assets/rolldown-runtime-S-ySWqyJ.js":"c29d92a968891d131e540216656a16cd917e65b16a9ad408e0b463b3578acfa7","/assets/TodayCollectionSummaryPage-D4bGg-Vx.js":"b21c9af14f92d1d5eb97cea9ccc5248965ef4ea8054f3430c090acc2ca976d9f","/assets/SettingsPage-CRSwpgdw.js":"e5a6cac69f88be35e928a1a5edbe0ab9a9900fc8ce190913c5d10266d1ff4368","/assets/vendor-Cyf0vZht.css":"c0b9c1968d2211ea5554f0bf07e269c70e20f84ba69d38ea91e73a022bd4f5f4","/assets/ReportsPage-Bk4WfQjR.js":"847507d5ec29e90fd916f7afbdc0151703f1bf25288549e567dcb5e0c4bc0aa4","/assets/RegisterPage-Dy8q8r0i.js":"1b1dda53f063e2ba914f441be0f67f433a8b533e9b26ff37eeeef66fc623ceeb","/assets/PenaltyDetailsPage-l9wVGurp.js":"ff4b338bdcda175fea1c4238d622f5c9b9ae88e0dacf74c20053f2536463e67e","/assets/PendingCustomersPage-C56MHhAl.js":"4cb503f183869808fee50a2bb4b50f0c0fba14c00f8d8bbeff56842310acaf58","/assets/OverdueEMIPage-Cx2z4l_R.js":"d6915a05b54b488a7e6c5cd0eb17a617518721f03b32e3e198dafd6b50127ec0","/assets/NotificationsPage-DSLekC7J.js":"7d8fb736e10d22e70fbf10c85157da6412f32b32589b5ea16b0ccf1e677dd1f8","/assets/NotFoundPage-DM-uau3E.js":"a966f624e5da67ce304a45ed2d2f115be6b4086da43948263edbdc542e025488","/assets/manrope-vietnamese-700-normal-CUqMx5-1.woff2":"60e65f047a34a3478817d680f050f56aa52e7ded0d516862fb11cd2f98dada1b","/assets/manrope-vietnamese-600-normal-C1J5PCl_.woff2":"6f7a17dcc12c0ef98f37df37cd0e97ce61d24df2ddabfd30f59ade45496535a7","/assets/manrope-latin-ext-700-normal-DYOwVNan.woff2":"f17aab3b4808ebadd53ac9f5e8bc198daf0626f98057093ac64048f427b5bfe0","/assets/manrope-latin-ext-600-normal-_gBojHdJ.woff2":"3e215da79f5646fb50eb51dd01472fa300042c58ab85621eae7d865e26fa36b2","/assets/manrope-latin-ext-700-normal-eVCcYqtJ.woff":"552d9cdac241dffe45b75c007409006d11b2b115dbe7443cb144266f501b799f","/assets/manrope-latin-ext-600-normal-u5Pl7hTU.woff":"fa54a0152ff2e4bc71a86daba0e64706ac495343692aaa4b3d7f805ae9d0f1a9","/assets/manrope-latin-700-normal-BZp_XxE4.woff2":"1044a9f092e1ba17c6d5c17414bc50408591491d279595a7d0b0a4c635ab95db","/assets/manrope-greek-700-normal-DyfsrCpP.woff":"22496c84e22765560de2fb73abf162a5d6fce7b5757f36beb095d8bc2bf14f24","/assets/manrope-latin-600-normal-4f0koTD-.woff2":"a76201f3396b53161e68b77f667a3f7a162a5615ab0a80268aed0e0fa15b05b0","/assets/manrope-greek-700-normal-CHUG9PD8.woff2":"b99dbe50f7eae3a71296132dba7ec69bcaeac2457b82c1864dd2d8e567f2f136","/assets/manrope-greek-600-normal-BoRV6lzK.woff2":"08d9f2dfcde86c1fd7094153f344dc112cb026bce50dc264cb379a8c10e9bb73","/assets/manrope-greek-600-normal-CF2i9ZRY.woff":"d4daefd7cf2c3f6baf12ba1699a49b69144ca01af741d0b317bae4944999fc4f","/assets/manrope-cyrillic-700-normal-Dw_fZAg2.woff2":"bb9e2745c4e7efe8cb616d3b75760c2b9d92f9301ea8a8db9c28be2a49006107","/assets/manrope-cyrillic-600-normal-DvRl3Mj-.woff2":"2537862b442ee5d5285bf9277c1e03d2204c6e0bfd1bfd1372d87b3cd695024e","/assets/manrope-cyrillic-700-normal-7JNVKxyl.woff":"362b620e8834b0d752e652eb97b5b27f8b2ee720aacf776997ed6fe6e45b0cec","/assets/LoginPage-CSXezGfE.js":"e6fcc2d544fb2787dfddf7d5e6566a98416f1bc53088e94d0ab3503ae82386e7","/assets/manrope-cyrillic-600-normal-It4mZcQk.woff":"078932f8e67c15d446922cc3a0e11c61ceaa804b7d5ca38e088c612dbfdd2f53","/assets/loanService-BwVveXYM.js":"f0831fbb72a00c60bcae8df9c40bffdce34609c73fb1ba2e0cd7f1b82f4bbaad","/assets/LoanPage-C4ATBY2g.js":"b2daecf0eb3f22b523484b281cdbe0e26fdccd9da965a03ff23a48e94ed86487","/assets/format-BbnNt8Zm.js":"a7105764302168c752227f101a187e72dca43a3ce89cf6149f09f2be30cb8f5a","/assets/LoanDetailsPage-Bk7PGkrz.js":"7c14475556d65e001a10adf8dc1b1338a3e32074884db8e52a2d5050aa0511e7","/assets/manrope-vietnamese-600-normal-lA7a_7Ok.woff":"e86e6c461a5d59c75e4f0232d617926b2dabb48c15ffcdbffd2de9a0585aa38e","/assets/firestoreService-CdAIjp0S.js":"64371f1e1172903e018f9cdc3ebe2ef944afe2f72771f5b31fd5e1ffbdd4b4ae","/assets/index-CkvLHysY.js":"8140ff7347e0487e57e5b7faa7eb79fccc6f94a40d1b49744006a6cb25551937","/assets/EditCustomerPage-CH0iXEm7.js":"1305e210a8e6951386958091f6a18e89a6cc7f62e3782141d080831aaaa31b22","/assets/icons-TU2DFmLy.js":"51bed4b23dda50b3754ab57564db697c37951913aa5608d6145489c5fc714a4b","/assets/index-5w6ItYYh.css":"d3fb2d6219455967671c427964e23dfed2652e69ef8356bb406ec1ad4b5727ae","/assets/EMIPaymentPage-DR_tJ2sL.js":"233c5679023a4302fb671905b1830057db3c9ce9ad197bb3af2e78d1ca7c09c8","/assets/dm-sans-latin-ext-500-normal-BJfUCQsA.woff2":"4f2870be4d0c232d1bfda5d50cb1d280cac5707f12742f7591228c734d17f40f","/assets/dm-sans-latin-ext-400-normal-BtiwyxMk.woff2":"a7680dee0c85109bf389d3974594dec22bb0188866d284205b78b1f1dc70a22c","/assets/dm-sans-latin-ext-500-normal-DR84L5F-.woff":"8fd1b63617d7c9d5f6791db99799956a36b23cf20ca69efcadc2740648a52127","/assets/dm-sans-latin-ext-400-normal-BjWJ59Pq.woff":"ce2601cf9bd4dc79b4fcf8de5b611759f213e36695c30c574d793b8f27a078b1","/assets/manrope-vietnamese-700-normal-pt65Fn2Z.woff":"2f4d1dd9cdbe18dded2bdf3ede4559b2686f0300dcdc4af3e006db4ffd6f9026","/assets/manrope-latin-600-normal-BqgrALkZ.woff":"63d109dc347a28ea28beca5b0669da9ee76ac86259399f938630c4747f651708","/assets/manrope-latin-700-normal-DGRFkw-m.woff":"8fced0054076e3f8c859bdd681b96d15ab0b2d1d7ea33b4d3233f35330ac0b63","/assets/dm-sans-latin-500-normal-Dr3UlScf.woff":"6e48369a30d0e1df4616c3365d8c3ef4d3aa9baff6cb587dbb3f5dbf2b18392e","/assets/date-CVgO_s5b.js":"5eb8226eb7202cefb0175af25da1399b204f11172bb74527b8b3ba0d14f84032","/assets/dashboardService-PeDeexBb.js":"b53963d1c9abaa63c26f61076b4857601464794081c43c3411e40a5814d78911","/assets/dm-sans-latin-500-normal-B9HHJjqV.woff2":"142561f94637ba8059b5a02500ae91f7c574d3ab5d4d58d8019151aaa2bee754","/assets/dm-sans-latin-400-normal-CW0RaeGs.woff2":"6229ffbe77dbbd00a86ce64febb29d9a95c58b123af526c9b748140b8ee6310f","/assets/DailyCollectionPage-c6XAk9zF.js":"fccf9470dc8d4496df947fb9a6b0c099e16e8fb9514c8a9ffdca4f0b40204020","/assets/DashboardPage-CuNB0AEP.js":"83a16636459af83b9ec8c183d8e6367072f84427e1dd708b4a124f7ce660be20","/assets/customerService-CBxaGrTy.js":"6a777316938ec103f7cb2a1609a01dc0e6b5b438ede641eb8f8c10b148aaac96","/assets/CustomersPage-4vON8d8Q.js":"4aa136b3d700dd7202c923a30c8849428a356721e1deb6457c1e2ff9ce0bae30","/assets/CustomerForm-D0gRvAV8.js":"2038c7b99aa8da04b26d461bb57fe8221d0e2caa12a865c8506c55de49c0a720","/assets/CustomerDetailsPage-C26RI6zZ.js":"e61ad2d19cfcd248d5660f54cccbf32b8943f2f1d04cf7b0771aa66e92928ee4","/assets/collectionService-B5S-SWTa.js":"0f242a4bd5af166ee3b7e4a4014688f8165591eb3ebbd487940970eaa5480e4f","/assets/CollectionHistoryPage-B2PabTJK.js":"254c0cd760b800aa62f5fa3d4b0ec34d152d5b1173a1c93b28ac6682b091267c","/assets/CollectionTable-I9KQhxdl.js":"2cd3a9eacc786347c4ed72d6728ad0f1b98028c434a9db796e97eb417f7934f6","/assets/AddCustomerPage-kKIOObgB.js":"aa642c3bf5d8f27213f098bbdf72bb0b4c12f49061ecb9f4664981e14145598c","/assets/dm-sans-latin-400-normal-BwCSEQnW.woff":"57eda5ed270c55e07f6effca1216dc7a6e9b8a54164facc9d0287a00a81e6e03","/assets/react-7-FptaH6.js":"b2eb281d4b535312071467d1aae7d37ac0cf9e6a96971aea8a28e455cbc72b2b","/assets/charts-CNo7Fttk.js":"76e7ec4fc73216ecad79056f432e4726aecbffada2343d373cdde769a99e20bc","/assets/firebase-DayHICkA.js":"383d1c96022288e31bd0c8a5361c43413efb07c813b77dff1c624d87d623aeb2"}}
[debug] [2026-05-15T14:47:39.766Z] <<< [apiv2][status] POST https://firebasehosting.googleapis.com/v1beta1/projects/520682493376/sites/daily-collection-management/versions/0202169b4f1c5a20:populateFiles 200
[debug] [2026-05-15T14:47:39.766Z] <<< [apiv2][body] POST https://firebasehosting.googleapis.com/v1beta1/projects/520682493376/sites/daily-collection-management/versions/0202169b4f1c5a20:populateFiles {"uploadRequiredHashes":["c29d92a968891d131e540216656a16cd917e65b16a9ad408e0b463b3578acfa7","7c14475556d65e001a10adf8dc1b1338a3e32074884db8e52a2d5050aa0511e7","b2eb281d4b535312071467d1aae7d37ac0cf9e6a96971aea8a28e455cbc72b2b","1305e210a8e6951386958091f6a18e89a6cc7f62e3782141d080831aaaa31b22","383d1c96022288e31bd0c8a5361c43413efb07c813b77dff1c624d87d623aeb2","64371f1e1172903e018f9cdc3ebe2ef944afe2f72771f5b31fd5e1ffbdd4b4ae","83a16636459af83b9ec8c183d8e6367072f84427e1dd708b4a124f7ce660be20","2038c7b99aa8da04b26d461bb57fe8221d0e2caa12a865c8506c55de49c0a720","233c5679023a4302fb671905b1830057db3c9ce9ad197bb3af2e78d1ca7c09c8","ff4b338bdcda175fea1c4238d622f5c9b9ae88e0dacf74c20053f2536463e67e","2cd3a9eacc786347c4ed72d6728ad0f1b98028c434a9db796e97eb417f7934f6","c0b9c1968d2211ea5554f0bf07e269c70e20f84ba69d38ea91e73a022bd4f5f4","f0831fbb72a00c60bcae8df9c40bffdce34609c73fb1ba2e0cd7f1b82f4bbaad","b21c9af14f92d1d5eb97cea9ccc5248965ef4ea8054f3430c090acc2ca976d9f","d2be115bc7125b4cc3eef919ca7e5ccf36e7295e8baf6ca9fdc4b51141c6a0ba","1b1dda53f063e2ba914f441be0f67f433a8b533e9b26ff37eeeef66fc623ceeb","aa642c3bf5d8f27213f098bbdf72bb0b4c12f49061ecb9f4664981e14145598c","6a777316938ec103f7cb2a1609a01dc0e6b5b438ede641eb8f8c10b148aaac96","e6fcc2d544fb2787dfddf7d5e6566a98416f1bc53088e94d0ab3503ae82386e7","fccf9470dc8d4496df947fb9a6b0c099e16e8fb9514c8a9ffdca4f0b40204020","d6915a05b54b488a7e6c5cd0eb17a617518721f03b32e3e198dafd6b50127ec0","847507d5ec29e90fd916f7afbdc0151703f1bf25288549e567dcb5e0c4bc0aa4","7d8fb736e10d22e70fbf10c85157da6412f32b32589b5ea16b0ccf1e677dd1f8","51bed4b23dda50b3754ab57564db697c37951913aa5608d6145489c5fc714a4b","4cb503f183869808fee50a2bb4b50f0c0fba14c00f8d8bbeff56842310acaf58","254c0cd760b800aa62f5fa3d4b0ec34d152d5b1173a1c93b28ac6682b091267c","e5a6cac69f88be35e928a1a5edbe0ab9a9900fc8ce190913c5d10266d1ff4368","b53963d1c9abaa63c26f61076b4857601464794081c43c3411e40a5814d78911","76e7ec4fc73216ecad79056f432e4726aecbffada2343d373cdde769a99e20bc","b2daecf0eb3f22b523484b281cdbe0e26fdccd9da965a03ff23a48e94ed86487","e61ad2d19cfcd248d5660f54cccbf32b8943f2f1d04cf7b0771aa66e92928ee4","a966f624e5da67ce304a45ed2d2f115be6b4086da43948263edbdc542e025488","d3fb2d6219455967671c427964e23dfed2652e69ef8356bb406ec1ad4b5727ae","0f242a4bd5af166ee3b7e4a4014688f8165591eb3ebbd487940970eaa5480e4f","4aa136b3d700dd7202c923a30c8849428a356721e1deb6457c1e2ff9ce0bae30","8140ff7347e0487e57e5b7faa7eb79fccc6f94a40d1b49744006a6cb25551937"],"uploadUrl":"https://upload-firebasehosting.googleapis.com/upload/sites/daily-collection-management/versions/0202169b4f1c5a20/files"}
[debug] [2026-05-15T14:47:39.766Z] Checked if tokens are valid: true, expires at: 1778858614091
[debug] [2026-05-15T14:47:39.766Z] Checked if tokens are valid: true, expires at: 1778858614091
[debug] [2026-05-15T14:47:39.767Z] Checked if tokens are valid: true, expires at: 1778858614091
[debug] [2026-05-15T14:47:39.767Z] Checked if tokens are valid: true, expires at: 1778858614091
[debug] [2026-05-15T14:47:39.767Z] Checked if tokens are valid: true, expires at: 1778858614091
[debug] [2026-05-15T14:47:39.767Z] Checked if tokens are valid: true, expires at: 1778858614091
[debug] [2026-05-15T14:47:39.767Z] Checked if tokens are valid: true, expires at: 1778858614091
[debug] [2026-05-15T14:47:39.767Z] Checked if tokens are valid: true, expires at: 1778858614091
[debug] [2026-05-15T14:47:39.768Z] Checked if tokens are valid: true, expires at: 1778858614091
[debug] [2026-05-15T14:47:39.768Z] Checked if tokens are valid: true, expires at: 1778858614091
[debug] [2026-05-15T14:47:39.768Z] Checked if tokens are valid: true, expires at: 1778858614091
[debug] [2026-05-15T14:47:39.768Z] Checked if tokens are valid: true, expires at: 1778858614091
[debug] [2026-05-15T14:47:39.768Z] Checked if tokens are valid: true, expires at: 1778858614091
[debug] [2026-05-15T14:47:39.768Z] Checked if tokens are valid: true, expires at: 1778858614091
[debug] [2026-05-15T14:47:39.768Z] Checked if tokens are valid: true, expires at: 1778858614091
[debug] [2026-05-15T14:47:39.768Z] Checked if tokens are valid: true, expires at: 1778858614091
[debug] [2026-05-15T14:47:39.769Z] Checked if tokens are valid: true, expires at: 1778858614091
[debug] [2026-05-15T14:47:39.769Z] Checked if tokens are valid: true, expires at: 1778858614091
[debug] [2026-05-15T14:47:39.769Z] Checked if tokens are valid: true, expires at: 1778858614091
[debug] [2026-05-15T14:47:39.769Z] Checked if tokens are valid: true, expires at: 1778858614091
[debug] [2026-05-15T14:47:39.769Z] Checked if tokens are valid: true, expires at: 1778858614091
[debug] [2026-05-15T14:47:39.769Z] Checked if tokens are valid: true, expires at: 1778858614091
[debug] [2026-05-15T14:47:39.770Z] Checked if tokens are valid: true, expires at: 1778858614091
[debug] [2026-05-15T14:47:39.770Z] Checked if tokens are valid: true, expires at: 1778858614091
[debug] [2026-05-15T14:47:39.770Z] Checked if tokens are valid: true, expires at: 1778858614091
[debug] [2026-05-15T14:47:39.770Z] Checked if tokens are valid: true, expires at: 1778858614091
[debug] [2026-05-15T14:47:39.770Z] Checked if tokens are valid: true, expires at: 1778858614091
[debug] [2026-05-15T14:47:39.770Z] Checked if tokens are valid: true, expires at: 1778858614091
[debug] [2026-05-15T14:47:39.771Z] Checked if tokens are valid: true, expires at: 1778858614091
[debug] [2026-05-15T14:47:39.771Z] Checked if tokens are valid: true, expires at: 1778858614091
[debug] [2026-05-15T14:47:39.771Z] Checked if tokens are valid: true, expires at: 1778858614091
[debug] [2026-05-15T14:47:39.771Z] Checked if tokens are valid: true, expires at: 1778858614091
[debug] [2026-05-15T14:47:39.771Z] Checked if tokens are valid: true, expires at: 1778858614091
[debug] [2026-05-15T14:47:39.771Z] Checked if tokens are valid: true, expires at: 1778858614091
[debug] [2026-05-15T14:47:39.771Z] Checked if tokens are valid: true, expires at: 1778858614091
[debug] [2026-05-15T14:47:39.772Z] Checked if tokens are valid: true, expires at: 1778858614091
[debug] [2026-05-15T14:47:39.772Z] Checked if tokens are valid: true, expires at: 1778858614091
[debug] [2026-05-15T14:47:39.772Z] Checked if tokens are valid: true, expires at: 1778858614091
[debug] [2026-05-15T14:47:39.772Z] Checked if tokens are valid: true, expires at: 1778858614091
[debug] [2026-05-15T14:47:39.772Z] Checked if tokens are valid: true, expires at: 1778858614091
[debug] [2026-05-15T14:47:39.772Z] Checked if tokens are valid: true, expires at: 1778858614091
[debug] [2026-05-15T14:47:39.772Z] Checked if tokens are valid: true, expires at: 1778858614091
[debug] [2026-05-15T14:47:39.772Z] Checked if tokens are valid: true, expires at: 1778858614091
[debug] [2026-05-15T14:47:39.773Z] Checked if tokens are valid: true, expires at: 1778858614091
[debug] [2026-05-15T14:47:39.773Z] Checked if tokens are valid: true, expires at: 1778858614091
[debug] [2026-05-15T14:47:39.773Z] Checked if tokens are valid: true, expires at: 1778858614091
[debug] [2026-05-15T14:47:39.773Z] Checked if tokens are valid: true, expires at: 1778858614091
[debug] [2026-05-15T14:47:39.773Z] Checked if tokens are valid: true, expires at: 1778858614091
[debug] [2026-05-15T14:47:39.773Z] Checked if tokens are valid: true, expires at: 1778858614091
[debug] [2026-05-15T14:47:39.774Z] Checked if tokens are valid: true, expires at: 1778858614091
[debug] [2026-05-15T14:47:39.774Z] Checked if tokens are valid: true, expires at: 1778858614091
[debug] [2026-05-15T14:47:39.774Z] Checked if tokens are valid: true, expires at: 1778858614091
[debug] [2026-05-15T14:47:39.774Z] Checked if tokens are valid: true, expires at: 1778858614091
[debug] [2026-05-15T14:47:39.774Z] Checked if tokens are valid: true, expires at: 1778858614091
[debug] [2026-05-15T14:47:39.774Z] Checked if tokens are valid: true, expires at: 1778858614091
[debug] [2026-05-15T14:47:39.774Z] Checked if tokens are valid: true, expires at: 1778858614091
[debug] [2026-05-15T14:47:39.775Z] Checked if tokens are valid: true, expires at: 1778858614091
[debug] [2026-05-15T14:47:39.775Z] Checked if tokens are valid: true, expires at: 1778858614091
[debug] [2026-05-15T14:47:39.775Z] Checked if tokens are valid: true, expires at: 1778858614091
[debug] [2026-05-15T14:47:39.775Z] Checked if tokens are valid: true, expires at: 1778858614091
[debug] [2026-05-15T14:47:39.775Z] Checked if tokens are valid: true, expires at: 1778858614091
[debug] [2026-05-15T14:47:39.775Z] Checked if tokens are valid: true, expires at: 1778858614091
[debug] [2026-05-15T14:47:39.776Z] Checked if tokens are valid: true, expires at: 1778858614091
[debug] [2026-05-15T14:47:39.776Z] Checked if tokens are valid: true, expires at: 1778858614091
[debug] [2026-05-15T14:47:39.776Z] Checked if tokens are valid: true, expires at: 1778858614091
[debug] [2026-05-15T14:47:39.776Z] Checked if tokens are valid: true, expires at: 1778858614091
[debug] [2026-05-15T14:47:39.776Z] Checked if tokens are valid: true, expires at: 1778858614091
[debug] [2026-05-15T14:47:39.776Z] Checked if tokens are valid: true, expires at: 1778858614091
[debug] [2026-05-15T14:47:39.776Z] Checked if tokens are valid: true, expires at: 1778858614091
[debug] [2026-05-15T14:47:39.776Z] Checked if tokens are valid: true, expires at: 1778858614091
[debug] [2026-05-15T14:47:39.776Z] Checked if tokens are valid: true, expires at: 1778858614091
[debug] [2026-05-15T14:47:39.777Z] Checked if tokens are valid: true, expires at: 1778858614091
[debug] [2026-05-15T14:47:39.777Z] >>> [apiv2][query] POST https://upload-firebasehosting.googleapis.com/upload/sites/daily-collection-management/versions/0202169b4f1c5a20/files/c29d92a968891d131e540216656a16cd917e65b16a9ad408e0b463b3578acfa7 [none]
[debug] [2026-05-15T14:47:39.777Z] >>> [apiv2][body] POST https://upload-firebasehosting.googleapis.com/upload/sites/daily-collection-management/versions/0202169b4f1c5a20/files/c29d92a968891d131e540216656a16cd917e65b16a9ad408e0b463b3578acfa7 [stream]
[debug] [2026-05-15T14:47:39.779Z] >>> [apiv2][query] POST https://upload-firebasehosting.googleapis.com/upload/sites/daily-collection-management/versions/0202169b4f1c5a20/files/7c14475556d65e001a10adf8dc1b1338a3e32074884db8e52a2d5050aa0511e7 [none]
[debug] [2026-05-15T14:47:39.779Z] >>> [apiv2][body] POST https://upload-firebasehosting.googleapis.com/upload/sites/daily-collection-management/versions/0202169b4f1c5a20/files/7c14475556d65e001a10adf8dc1b1338a3e32074884db8e52a2d5050aa0511e7 [stream]
[debug] [2026-05-15T14:47:39.780Z] >>> [apiv2][query] POST https://upload-firebasehosting.googleapis.com/upload/sites/daily-collection-management/versions/0202169b4f1c5a20/files/b2eb281d4b535312071467d1aae7d37ac0cf9e6a96971aea8a28e455cbc72b2b [none]
[debug] [2026-05-15T14:47:39.780Z] >>> [apiv2][body] POST https://upload-firebasehosting.googleapis.com/upload/sites/daily-collection-management/versions/0202169b4f1c5a20/files/b2eb281d4b535312071467d1aae7d37ac0cf9e6a96971aea8a28e455cbc72b2b [stream]
[debug] [2026-05-15T14:47:39.781Z] >>> [apiv2][query] POST https://upload-firebasehosting.googleapis.com/upload/sites/daily-collection-management/versions/0202169b4f1c5a20/files/1305e210a8e6951386958091f6a18e89a6cc7f62e3782141d080831aaaa31b22 [none]
[debug] [2026-05-15T14:47:39.781Z] >>> [apiv2][body] POST https://upload-firebasehosting.googleapis.com/upload/sites/daily-collection-management/versions/0202169b4f1c5a20/files/1305e210a8e6951386958091f6a18e89a6cc7f62e3782141d080831aaaa31b22 [stream]
[debug] [2026-05-15T14:47:39.782Z] >>> [apiv2][query] POST https://upload-firebasehosting.googleapis.com/upload/sites/daily-collection-management/versions/0202169b4f1c5a20/files/383d1c96022288e31bd0c8a5361c43413efb07c813b77dff1c624d87d623aeb2 [none]
[debug] [2026-05-15T14:47:39.782Z] >>> [apiv2][body] POST https://upload-firebasehosting.googleapis.com/upload/sites/daily-collection-management/versions/0202169b4f1c5a20/files/383d1c96022288e31bd0c8a5361c43413efb07c813b77dff1c624d87d623aeb2 [stream]
[debug] [2026-05-15T14:47:39.783Z] >>> [apiv2][query] POST https://upload-firebasehosting.googleapis.com/upload/sites/daily-collection-management/versions/0202169b4f1c5a20/files/64371f1e1172903e018f9cdc3ebe2ef944afe2f72771f5b31fd5e1ffbdd4b4ae [none]
[debug] [2026-05-15T14:47:39.783Z] >>> [apiv2][body] POST https://upload-firebasehosting.googleapis.com/upload/sites/daily-collection-management/versions/0202169b4f1c5a20/files/64371f1e1172903e018f9cdc3ebe2ef944afe2f72771f5b31fd5e1ffbdd4b4ae [stream]
[debug] [2026-05-15T14:47:39.785Z] >>> [apiv2][query] POST https://upload-firebasehosting.googleapis.com/upload/sites/daily-collection-management/versions/0202169b4f1c5a20/files/83a16636459af83b9ec8c183d8e6367072f84427e1dd708b4a124f7ce660be20 [none]
[debug] [2026-05-15T14:47:39.785Z] >>> [apiv2][body] POST https://upload-firebasehosting.googleapis.com/upload/sites/daily-collection-management/versions/0202169b4f1c5a20/files/83a16636459af83b9ec8c183d8e6367072f84427e1dd708b4a124f7ce660be20 [stream]
[debug] [2026-05-15T14:47:39.787Z] >>> [apiv2][query] POST https://upload-firebasehosting.googleapis.com/upload/sites/daily-collection-management/versions/0202169b4f1c5a20/files/2038c7b99aa8da04b26d461bb57fe8221d0e2caa12a865c8506c55de49c0a720 [none]
[debug] [2026-05-15T14:47:39.787Z] >>> [apiv2][body] POST https://upload-firebasehosting.googleapis.com/upload/sites/daily-collection-management/versions/0202169b4f1c5a20/files/2038c7b99aa8da04b26d461bb57fe8221d0e2caa12a865c8506c55de49c0a720 [stream]
[debug] [2026-05-15T14:47:39.788Z] >>> [apiv2][query] POST https://upload-firebasehosting.googleapis.com/upload/sites/daily-collection-management/versions/0202169b4f1c5a20/files/233c5679023a4302fb671905b1830057db3c9ce9ad197bb3af2e78d1ca7c09c8 [none]
[debug] [2026-05-15T14:47:39.788Z] >>> [apiv2][body] POST https://upload-firebasehosting.googleapis.com/upload/sites/daily-collection-management/versions/0202169b4f1c5a20/files/233c5679023a4302fb671905b1830057db3c9ce9ad197bb3af2e78d1ca7c09c8 [stream]
[debug] [2026-05-15T14:47:39.789Z] >>> [apiv2][query] POST https://upload-firebasehosting.googleapis.com/upload/sites/daily-collection-management/versions/0202169b4f1c5a20/files/ff4b338bdcda175fea1c4238d622f5c9b9ae88e0dacf74c20053f2536463e67e [none]
[debug] [2026-05-15T14:47:39.789Z] >>> [apiv2][body] POST https://upload-firebasehosting.googleapis.com/upload/sites/daily-collection-management/versions/0202169b4f1c5a20/files/ff4b338bdcda175fea1c4238d622f5c9b9ae88e0dacf74c20053f2536463e67e [stream]
[debug] [2026-05-15T14:47:39.790Z] >>> [apiv2][query] POST https://upload-firebasehosting.googleapis.com/upload/sites/daily-collection-management/versions/0202169b4f1c5a20/files/2cd3a9eacc786347c4ed72d6728ad0f1b98028c434a9db796e97eb417f7934f6 [none]
[debug] [2026-05-15T14:47:39.790Z] >>> [apiv2][body] POST https://upload-firebasehosting.googleapis.com/upload/sites/daily-collection-management/versions/0202169b4f1c5a20/files/2cd3a9eacc786347c4ed72d6728ad0f1b98028c434a9db796e97eb417f7934f6 [stream]
[debug] [2026-05-15T14:47:39.792Z] >>> [apiv2][query] POST https://upload-firebasehosting.googleapis.com/upload/sites/daily-collection-management/versions/0202169b4f1c5a20/files/c0b9c1968d2211ea5554f0bf07e269c70e20f84ba69d38ea91e73a022bd4f5f4 [none]
[debug] [2026-05-15T14:47:39.792Z] >>> [apiv2][body] POST https://upload-firebasehosting.googleapis.com/upload/sites/daily-collection-management/versions/0202169b4f1c5a20/files/c0b9c1968d2211ea5554f0bf07e269c70e20f84ba69d38ea91e73a022bd4f5f4 [stream]
[debug] [2026-05-15T14:47:39.792Z] >>> [apiv2][query] POST https://upload-firebasehosting.googleapis.com/upload/sites/daily-collection-management/versions/0202169b4f1c5a20/files/f0831fbb72a00c60bcae8df9c40bffdce34609c73fb1ba2e0cd7f1b82f4bbaad [none]
[debug] [2026-05-15T14:47:39.793Z] >>> [apiv2][body] POST https://upload-firebasehosting.googleapis.com/upload/sites/daily-collection-management/versions/0202169b4f1c5a20/files/f0831fbb72a00c60bcae8df9c40bffdce34609c73fb1ba2e0cd7f1b82f4bbaad [stream]
[debug] [2026-05-15T14:47:39.794Z] >>> [apiv2][query] POST https://upload-firebasehosting.googleapis.com/upload/sites/daily-collection-management/versions/0202169b4f1c5a20/files/b21c9af14f92d1d5eb97cea9ccc5248965ef4ea8054f3430c090acc2ca976d9f [none]
[debug] [2026-05-15T14:47:39.794Z] >>> [apiv2][body] POST https://upload-firebasehosting.googleapis.com/upload/sites/daily-collection-management/versions/0202169b4f1c5a20/files/b21c9af14f92d1d5eb97cea9ccc5248965ef4ea8054f3430c090acc2ca976d9f [stream]
[debug] [2026-05-15T14:47:39.795Z] >>> [apiv2][query] POST https://upload-firebasehosting.googleapis.com/upload/sites/daily-collection-management/versions/0202169b4f1c5a20/files/d2be115bc7125b4cc3eef919ca7e5ccf36e7295e8baf6ca9fdc4b51141c6a0ba [none]
[debug] [2026-05-15T14:47:39.795Z] >>> [apiv2][body] POST https://upload-firebasehosting.googleapis.com/upload/sites/daily-collection-management/versions/0202169b4f1c5a20/files/d2be115bc7125b4cc3eef919ca7e5ccf36e7295e8baf6ca9fdc4b51141c6a0ba [stream]
[debug] [2026-05-15T14:47:39.795Z] >>> [apiv2][query] POST https://upload-firebasehosting.googleapis.com/upload/sites/daily-collection-management/versions/0202169b4f1c5a20/files/1b1dda53f063e2ba914f441be0f67f433a8b533e9b26ff37eeeef66fc623ceeb [none]
[debug] [2026-05-15T14:47:39.796Z] >>> [apiv2][body] POST https://upload-firebasehosting.googleapis.com/upload/sites/daily-collection-management/versions/0202169b4f1c5a20/files/1b1dda53f063e2ba914f441be0f67f433a8b533e9b26ff37eeeef66fc623ceeb [stream]
[debug] [2026-05-15T14:47:39.796Z] >>> [apiv2][query] POST https://upload-firebasehosting.googleapis.com/upload/sites/daily-collection-management/versions/0202169b4f1c5a20/files/aa642c3bf5d8f27213f098bbdf72bb0b4c12f49061ecb9f4664981e14145598c [none]
[debug] [2026-05-15T14:47:39.796Z] >>> [apiv2][body] POST https://upload-firebasehosting.googleapis.com/upload/sites/daily-collection-management/versions/0202169b4f1c5a20/files/aa642c3bf5d8f27213f098bbdf72bb0b4c12f49061ecb9f4664981e14145598c [stream]
[debug] [2026-05-15T14:47:39.798Z] >>> [apiv2][query] POST https://upload-firebasehosting.googleapis.com/upload/sites/daily-collection-management/versions/0202169b4f1c5a20/files/6a777316938ec103f7cb2a1609a01dc0e6b5b438ede641eb8f8c10b148aaac96 [none]
[debug] [2026-05-15T14:47:39.798Z] >>> [apiv2][body] POST https://upload-firebasehosting.googleapis.com/upload/sites/daily-collection-management/versions/0202169b4f1c5a20/files/6a777316938ec103f7cb2a1609a01dc0e6b5b438ede641eb8f8c10b148aaac96 [stream]
[debug] [2026-05-15T14:47:39.799Z] >>> [apiv2][query] POST https://upload-firebasehosting.googleapis.com/upload/sites/daily-collection-management/versions/0202169b4f1c5a20/files/e6fcc2d544fb2787dfddf7d5e6566a98416f1bc53088e94d0ab3503ae82386e7 [none]
[debug] [2026-05-15T14:47:39.799Z] >>> [apiv2][body] POST https://upload-firebasehosting.googleapis.com/upload/sites/daily-collection-management/versions/0202169b4f1c5a20/files/e6fcc2d544fb2787dfddf7d5e6566a98416f1bc53088e94d0ab3503ae82386e7 [stream]
[debug] [2026-05-15T14:47:39.800Z] >>> [apiv2][query] POST https://upload-firebasehosting.googleapis.com/upload/sites/daily-collection-management/versions/0202169b4f1c5a20/files/fccf9470dc8d4496df947fb9a6b0c099e16e8fb9514c8a9ffdca4f0b40204020 [none]
[debug] [2026-05-15T14:47:39.800Z] >>> [apiv2][body] POST https://upload-firebasehosting.googleapis.com/upload/sites/daily-collection-management/versions/0202169b4f1c5a20/files/fccf9470dc8d4496df947fb9a6b0c099e16e8fb9514c8a9ffdca4f0b40204020 [stream]
[debug] [2026-05-15T14:47:39.801Z] >>> [apiv2][query] POST https://upload-firebasehosting.googleapis.com/upload/sites/daily-collection-management/versions/0202169b4f1c5a20/files/d6915a05b54b488a7e6c5cd0eb17a617518721f03b32e3e198dafd6b50127ec0 [none]
[debug] [2026-05-15T14:47:39.801Z] >>> [apiv2][body] POST https://upload-firebasehosting.googleapis.com/upload/sites/daily-collection-management/versions/0202169b4f1c5a20/files/d6915a05b54b488a7e6c5cd0eb17a617518721f03b32e3e198dafd6b50127ec0 [stream]
[debug] [2026-05-15T14:47:39.801Z] >>> [apiv2][query] POST https://upload-firebasehosting.googleapis.com/upload/sites/daily-collection-management/versions/0202169b4f1c5a20/files/847507d5ec29e90fd916f7afbdc0151703f1bf25288549e567dcb5e0c4bc0aa4 [none]
[debug] [2026-05-15T14:47:39.801Z] >>> [apiv2][body] POST https://upload-firebasehosting.googleapis.com/upload/sites/daily-collection-management/versions/0202169b4f1c5a20/files/847507d5ec29e90fd916f7afbdc0151703f1bf25288549e567dcb5e0c4bc0aa4 [stream]
[debug] [2026-05-15T14:47:39.802Z] >>> [apiv2][query] POST https://upload-firebasehosting.googleapis.com/upload/sites/daily-collection-management/versions/0202169b4f1c5a20/files/7d8fb736e10d22e70fbf10c85157da6412f32b32589b5ea16b0ccf1e677dd1f8 [none]
[debug] [2026-05-15T14:47:39.802Z] >>> [apiv2][body] POST https://upload-firebasehosting.googleapis.com/upload/sites/daily-collection-management/versions/0202169b4f1c5a20/files/7d8fb736e10d22e70fbf10c85157da6412f32b32589b5ea16b0ccf1e677dd1f8 [stream]
[debug] [2026-05-15T14:47:39.803Z] >>> [apiv2][query] POST https://upload-firebasehosting.googleapis.com/upload/sites/daily-collection-management/versions/0202169b4f1c5a20/files/51bed4b23dda50b3754ab57564db697c37951913aa5608d6145489c5fc714a4b [none]
[debug] [2026-05-15T14:47:39.804Z] >>> [apiv2][body] POST https://upload-firebasehosting.googleapis.com/upload/sites/daily-collection-management/versions/0202169b4f1c5a20/files/51bed4b23dda50b3754ab57564db697c37951913aa5608d6145489c5fc714a4b [stream]
[debug] [2026-05-15T14:47:39.805Z] >>> [apiv2][query] POST https://upload-firebasehosting.googleapis.com/upload/sites/daily-collection-management/versions/0202169b4f1c5a20/files/4cb503f183869808fee50a2bb4b50f0c0fba14c00f8d8bbeff56842310acaf58 [none]
[debug] [2026-05-15T14:47:39.805Z] >>> [apiv2][body] POST https://upload-firebasehosting.googleapis.com/upload/sites/daily-collection-management/versions/0202169b4f1c5a20/files/4cb503f183869808fee50a2bb4b50f0c0fba14c00f8d8bbeff56842310acaf58 [stream]
[debug] [2026-05-15T14:47:39.806Z] >>> [apiv2][query] POST https://upload-firebasehosting.googleapis.com/upload/sites/daily-collection-management/versions/0202169b4f1c5a20/files/254c0cd760b800aa62f5fa3d4b0ec34d152d5b1173a1c93b28ac6682b091267c [none]
[debug] [2026-05-15T14:47:39.806Z] >>> [apiv2][body] POST https://upload-firebasehosting.googleapis.com/upload/sites/daily-collection-management/versions/0202169b4f1c5a20/files/254c0cd760b800aa62f5fa3d4b0ec34d152d5b1173a1c93b28ac6682b091267c [stream]
[debug] [2026-05-15T14:47:39.807Z] >>> [apiv2][query] POST https://upload-firebasehosting.googleapis.com/upload/sites/daily-collection-management/versions/0202169b4f1c5a20/files/e5a6cac69f88be35e928a1a5edbe0ab9a9900fc8ce190913c5d10266d1ff4368 [none]
[debug] [2026-05-15T14:47:39.807Z] >>> [apiv2][body] POST https://upload-firebasehosting.googleapis.com/upload/sites/daily-collection-management/versions/0202169b4f1c5a20/files/e5a6cac69f88be35e928a1a5edbe0ab9a9900fc8ce190913c5d10266d1ff4368 [stream]
[debug] [2026-05-15T14:47:39.808Z] >>> [apiv2][query] POST https://upload-firebasehosting.googleapis.com/upload/sites/daily-collection-management/versions/0202169b4f1c5a20/files/b53963d1c9abaa63c26f61076b4857601464794081c43c3411e40a5814d78911 [none]
[debug] [2026-05-15T14:47:39.808Z] >>> [apiv2][body] POST https://upload-firebasehosting.googleapis.com/upload/sites/daily-collection-management/versions/0202169b4f1c5a20/files/b53963d1c9abaa63c26f61076b4857601464794081c43c3411e40a5814d78911 [stream]
[debug] [2026-05-15T14:47:39.808Z] >>> [apiv2][query] POST https://upload-firebasehosting.googleapis.com/upload/sites/daily-collection-management/versions/0202169b4f1c5a20/files/76e7ec4fc73216ecad79056f432e4726aecbffada2343d373cdde769a99e20bc [none]
[debug] [2026-05-15T14:47:39.809Z] >>> [apiv2][body] POST https://upload-firebasehosting.googleapis.com/upload/sites/daily-collection-management/versions/0202169b4f1c5a20/files/76e7ec4fc73216ecad79056f432e4726aecbffada2343d373cdde769a99e20bc [stream]
[debug] [2026-05-15T14:47:39.809Z] >>> [apiv2][query] POST https://upload-firebasehosting.googleapis.com/upload/sites/daily-collection-management/versions/0202169b4f1c5a20/files/b2daecf0eb3f22b523484b281cdbe0e26fdccd9da965a03ff23a48e94ed86487 [none]
[debug] [2026-05-15T14:47:39.809Z] >>> [apiv2][body] POST https://upload-firebasehosting.googleapis.com/upload/sites/daily-collection-management/versions/0202169b4f1c5a20/files/b2daecf0eb3f22b523484b281cdbe0e26fdccd9da965a03ff23a48e94ed86487 [stream]
[debug] [2026-05-15T14:47:39.811Z] >>> [apiv2][query] POST https://upload-firebasehosting.googleapis.com/upload/sites/daily-collection-management/versions/0202169b4f1c5a20/files/e61ad2d19cfcd248d5660f54cccbf32b8943f2f1d04cf7b0771aa66e92928ee4 [none]
[debug] [2026-05-15T14:47:39.811Z] >>> [apiv2][body] POST https://upload-firebasehosting.googleapis.com/upload/sites/daily-collection-management/versions/0202169b4f1c5a20/files/e61ad2d19cfcd248d5660f54cccbf32b8943f2f1d04cf7b0771aa66e92928ee4 [stream]
[debug] [2026-05-15T14:47:39.812Z] >>> [apiv2][query] POST https://upload-firebasehosting.googleapis.com/upload/sites/daily-collection-management/versions/0202169b4f1c5a20/files/a966f624e5da67ce304a45ed2d2f115be6b4086da43948263edbdc542e025488 [none]
[debug] [2026-05-15T14:47:39.812Z] >>> [apiv2][body] POST https://upload-firebasehosting.googleapis.com/upload/sites/daily-collection-management/versions/0202169b4f1c5a20/files/a966f624e5da67ce304a45ed2d2f115be6b4086da43948263edbdc542e025488 [stream]
[debug] [2026-05-15T14:47:39.813Z] >>> [apiv2][query] POST https://upload-firebasehosting.googleapis.com/upload/sites/daily-collection-management/versions/0202169b4f1c5a20/files/d3fb2d6219455967671c427964e23dfed2652e69ef8356bb406ec1ad4b5727ae [none]
[debug] [2026-05-15T14:47:39.813Z] >>> [apiv2][body] POST https://upload-firebasehosting.googleapis.com/upload/sites/daily-collection-management/versions/0202169b4f1c5a20/files/d3fb2d6219455967671c427964e23dfed2652e69ef8356bb406ec1ad4b5727ae [stream]
[debug] [2026-05-15T14:47:39.814Z] >>> [apiv2][query] POST https://upload-firebasehosting.googleapis.com/upload/sites/daily-collection-management/versions/0202169b4f1c5a20/files/0f242a4bd5af166ee3b7e4a4014688f8165591eb3ebbd487940970eaa5480e4f [none]
[debug] [2026-05-15T14:47:39.814Z] >>> [apiv2][body] POST https://upload-firebasehosting.googleapis.com/upload/sites/daily-collection-management/versions/0202169b4f1c5a20/files/0f242a4bd5af166ee3b7e4a4014688f8165591eb3ebbd487940970eaa5480e4f [stream]
[debug] [2026-05-15T14:47:39.815Z] >>> [apiv2][query] POST https://upload-firebasehosting.googleapis.com/upload/sites/daily-collection-management/versions/0202169b4f1c5a20/files/4aa136b3d700dd7202c923a30c8849428a356721e1deb6457c1e2ff9ce0bae30 [none]
[debug] [2026-05-15T14:47:39.815Z] >>> [apiv2][body] POST https://upload-firebasehosting.googleapis.com/upload/sites/daily-collection-management/versions/0202169b4f1c5a20/files/4aa136b3d700dd7202c923a30c8849428a356721e1deb6457c1e2ff9ce0bae30 [stream]
[debug] [2026-05-15T14:47:39.815Z] >>> [apiv2][query] POST https://upload-firebasehosting.googleapis.com/upload/sites/daily-collection-management/versions/0202169b4f1c5a20/files/8140ff7347e0487e57e5b7faa7eb79fccc6f94a40d1b49744006a6cb25551937 [none]
[debug] [2026-05-15T14:47:39.816Z] >>> [apiv2][body] POST https://upload-firebasehosting.googleapis.com/upload/sites/daily-collection-management/versions/0202169b4f1c5a20/files/8140ff7347e0487e57e5b7faa7eb79fccc6f94a40d1b49744006a6cb25551937 [stream]
[debug] [2026-05-15T14:47:39.817Z] [hosting][populate queue][FINAL] {"max":832,"min":832,"avg":832,"active":0,"complete":1,"success":1,"errored":0,"retried":0,"total":1,"elapsed":872}
[debug] [2026-05-15T14:47:39.818Z] [hosting] uploads queued: 36
[info] i  hosting: uploading new files [0/36] (0%) 
[debug] [2026-05-15T14:47:41.555Z] <<< [apiv2][status] POST https://upload-firebasehosting.googleapis.com/upload/sites/daily-collection-management/versions/0202169b4f1c5a20/files/0f242a4bd5af166ee3b7e4a4014688f8165591eb3ebbd487940970eaa5480e4f 200
[debug] [2026-05-15T14:47:41.556Z] <<< [apiv2][body] POST https://upload-firebasehosting.googleapis.com/upload/sites/daily-collection-management/versions/0202169b4f1c5a20/files/0f242a4bd5af166ee3b7e4a4014688f8165591eb3ebbd487940970eaa5480e4f [stream]
[debug] [2026-05-15T14:47:41.598Z] <<< [apiv2][status] POST https://upload-firebasehosting.googleapis.com/upload/sites/daily-collection-management/versions/0202169b4f1c5a20/files/847507d5ec29e90fd916f7afbdc0151703f1bf25288549e567dcb5e0c4bc0aa4 200
[debug] [2026-05-15T14:47:41.598Z] <<< [apiv2][body] POST https://upload-firebasehosting.googleapis.com/upload/sites/daily-collection-management/versions/0202169b4f1c5a20/files/847507d5ec29e90fd916f7afbdc0151703f1bf25288549e567dcb5e0c4bc0aa4 [stream]
[debug] [2026-05-15T14:47:41.630Z] <<< [apiv2][status] POST https://upload-firebasehosting.googleapis.com/upload/sites/daily-collection-management/versions/0202169b4f1c5a20/files/233c5679023a4302fb671905b1830057db3c9ce9ad197bb3af2e78d1ca7c09c8 200
[debug] [2026-05-15T14:47:41.630Z] <<< [apiv2][body] POST https://upload-firebasehosting.googleapis.com/upload/sites/daily-collection-management/versions/0202169b4f1c5a20/files/233c5679023a4302fb671905b1830057db3c9ce9ad197bb3af2e78d1ca7c09c8 [stream]
[debug] [2026-05-15T14:47:41.639Z] <<< [apiv2][status] POST https://upload-firebasehosting.googleapis.com/upload/sites/daily-collection-management/versions/0202169b4f1c5a20/files/7c14475556d65e001a10adf8dc1b1338a3e32074884db8e52a2d5050aa0511e7 200
[debug] [2026-05-15T14:47:41.640Z] <<< [apiv2][body] POST https://upload-firebasehosting.googleapis.com/upload/sites/daily-collection-management/versions/0202169b4f1c5a20/files/7c14475556d65e001a10adf8dc1b1338a3e32074884db8e52a2d5050aa0511e7 [stream]
[debug] [2026-05-15T14:47:41.641Z] <<< [apiv2][status] POST https://upload-firebasehosting.googleapis.com/upload/sites/daily-collection-management/versions/0202169b4f1c5a20/files/c29d92a968891d131e540216656a16cd917e65b16a9ad408e0b463b3578acfa7 200
[debug] [2026-05-15T14:47:41.641Z] <<< [apiv2][body] POST https://upload-firebasehosting.googleapis.com/upload/sites/daily-collection-management/versions/0202169b4f1c5a20/files/c29d92a968891d131e540216656a16cd917e65b16a9ad408e0b463b3578acfa7 [stream]
[debug] [2026-05-15T14:47:41.645Z] <<< [apiv2][status] POST https://upload-firebasehosting.googleapis.com/upload/sites/daily-collection-management/versions/0202169b4f1c5a20/files/1b1dda53f063e2ba914f441be0f67f433a8b533e9b26ff37eeeef66fc623ceeb 200
[debug] [2026-05-15T14:47:41.645Z] <<< [apiv2][body] POST https://upload-firebasehosting.googleapis.com/upload/sites/daily-collection-management/versions/0202169b4f1c5a20/files/1b1dda53f063e2ba914f441be0f67f433a8b533e9b26ff37eeeef66fc623ceeb [stream]
[debug] [2026-05-15T14:47:41.671Z] <<< [apiv2][status] POST https://upload-firebasehosting.googleapis.com/upload/sites/daily-collection-management/versions/0202169b4f1c5a20/files/4cb503f183869808fee50a2bb4b50f0c0fba14c00f8d8bbeff56842310acaf58 200
[debug] [2026-05-15T14:47:41.671Z] <<< [apiv2][body] POST https://upload-firebasehosting.googleapis.com/upload/sites/daily-collection-management/versions/0202169b4f1c5a20/files/4cb503f183869808fee50a2bb4b50f0c0fba14c00f8d8bbeff56842310acaf58 [stream]
[debug] [2026-05-15T14:47:41.675Z] <<< [apiv2][status] POST https://upload-firebasehosting.googleapis.com/upload/sites/daily-collection-management/versions/0202169b4f1c5a20/files/f0831fbb72a00c60bcae8df9c40bffdce34609c73fb1ba2e0cd7f1b82f4bbaad 200
[debug] [2026-05-15T14:47:41.675Z] <<< [apiv2][body] POST https://upload-firebasehosting.googleapis.com/upload/sites/daily-collection-management/versions/0202169b4f1c5a20/files/f0831fbb72a00c60bcae8df9c40bffdce34609c73fb1ba2e0cd7f1b82f4bbaad [stream]
[debug] [2026-05-15T14:47:41.676Z] <<< [apiv2][status] POST https://upload-firebasehosting.googleapis.com/upload/sites/daily-collection-management/versions/0202169b4f1c5a20/files/1305e210a8e6951386958091f6a18e89a6cc7f62e3782141d080831aaaa31b22 200
[debug] [2026-05-15T14:47:41.676Z] <<< [apiv2][body] POST https://upload-firebasehosting.googleapis.com/upload/sites/daily-collection-management/versions/0202169b4f1c5a20/files/1305e210a8e6951386958091f6a18e89a6cc7f62e3782141d080831aaaa31b22 [stream]
[debug] [2026-05-15T14:47:41.678Z] <<< [apiv2][status] POST https://upload-firebasehosting.googleapis.com/upload/sites/daily-collection-management/versions/0202169b4f1c5a20/files/7d8fb736e10d22e70fbf10c85157da6412f32b32589b5ea16b0ccf1e677dd1f8 200
[debug] [2026-05-15T14:47:41.678Z] <<< [apiv2][body] POST https://upload-firebasehosting.googleapis.com/upload/sites/daily-collection-management/versions/0202169b4f1c5a20/files/7d8fb736e10d22e70fbf10c85157da6412f32b32589b5ea16b0ccf1e677dd1f8 [stream]
[debug] [2026-05-15T14:47:41.683Z] <<< [apiv2][status] POST https://upload-firebasehosting.googleapis.com/upload/sites/daily-collection-management/versions/0202169b4f1c5a20/files/e6fcc2d544fb2787dfddf7d5e6566a98416f1bc53088e94d0ab3503ae82386e7 200
[debug] [2026-05-15T14:47:41.683Z] <<< [apiv2][body] POST https://upload-firebasehosting.googleapis.com/upload/sites/daily-collection-management/versions/0202169b4f1c5a20/files/e6fcc2d544fb2787dfddf7d5e6566a98416f1bc53088e94d0ab3503ae82386e7 [stream]
[debug] [2026-05-15T14:47:41.693Z] <<< [apiv2][status] POST https://upload-firebasehosting.googleapis.com/upload/sites/daily-collection-management/versions/0202169b4f1c5a20/files/d6915a05b54b488a7e6c5cd0eb17a617518721f03b32e3e198dafd6b50127ec0 200
[debug] [2026-05-15T14:47:41.693Z] <<< [apiv2][body] POST https://upload-firebasehosting.googleapis.com/upload/sites/daily-collection-management/versions/0202169b4f1c5a20/files/d6915a05b54b488a7e6c5cd0eb17a617518721f03b32e3e198dafd6b50127ec0 [stream]
[debug] [2026-05-15T14:47:41.709Z] <<< [apiv2][status] POST https://upload-firebasehosting.googleapis.com/upload/sites/daily-collection-management/versions/0202169b4f1c5a20/files/b53963d1c9abaa63c26f61076b4857601464794081c43c3411e40a5814d78911 200
[debug] [2026-05-15T14:47:41.709Z] <<< [apiv2][body] POST https://upload-firebasehosting.googleapis.com/upload/sites/daily-collection-management/versions/0202169b4f1c5a20/files/b53963d1c9abaa63c26f61076b4857601464794081c43c3411e40a5814d78911 [stream]
[debug] [2026-05-15T14:47:41.711Z] <<< [apiv2][status] POST https://upload-firebasehosting.googleapis.com/upload/sites/daily-collection-management/versions/0202169b4f1c5a20/files/c0b9c1968d2211ea5554f0bf07e269c70e20f84ba69d38ea91e73a022bd4f5f4 200
[debug] [2026-05-15T14:47:41.711Z] <<< [apiv2][body] POST https://upload-firebasehosting.googleapis.com/upload/sites/daily-collection-management/versions/0202169b4f1c5a20/files/c0b9c1968d2211ea5554f0bf07e269c70e20f84ba69d38ea91e73a022bd4f5f4 [stream]
[debug] [2026-05-15T14:47:41.711Z] <<< [apiv2][status] POST https://upload-firebasehosting.googleapis.com/upload/sites/daily-collection-management/versions/0202169b4f1c5a20/files/4aa136b3d700dd7202c923a30c8849428a356721e1deb6457c1e2ff9ce0bae30 200
[debug] [2026-05-15T14:47:41.712Z] <<< [apiv2][body] POST https://upload-firebasehosting.googleapis.com/upload/sites/daily-collection-management/versions/0202169b4f1c5a20/files/4aa136b3d700dd7202c923a30c8849428a356721e1deb6457c1e2ff9ce0bae30 [stream]
[debug] [2026-05-15T14:47:41.733Z] <<< [apiv2][status] POST https://upload-firebasehosting.googleapis.com/upload/sites/daily-collection-management/versions/0202169b4f1c5a20/files/8140ff7347e0487e57e5b7faa7eb79fccc6f94a40d1b49744006a6cb25551937 200
[debug] [2026-05-15T14:47:41.733Z] <<< [apiv2][body] POST https://upload-firebasehosting.googleapis.com/upload/sites/daily-collection-management/versions/0202169b4f1c5a20/files/8140ff7347e0487e57e5b7faa7eb79fccc6f94a40d1b49744006a6cb25551937 [stream]
[debug] [2026-05-15T14:47:41.735Z] <<< [apiv2][status] POST https://upload-firebasehosting.googleapis.com/upload/sites/daily-collection-management/versions/0202169b4f1c5a20/files/b21c9af14f92d1d5eb97cea9ccc5248965ef4ea8054f3430c090acc2ca976d9f 200
[debug] [2026-05-15T14:47:41.736Z] <<< [apiv2][body] POST https://upload-firebasehosting.googleapis.com/upload/sites/daily-collection-management/versions/0202169b4f1c5a20/files/b21c9af14f92d1d5eb97cea9ccc5248965ef4ea8054f3430c090acc2ca976d9f [stream]
[debug] [2026-05-15T14:47:41.751Z] <<< [apiv2][status] POST https://upload-firebasehosting.googleapis.com/upload/sites/daily-collection-management/versions/0202169b4f1c5a20/files/2038c7b99aa8da04b26d461bb57fe8221d0e2caa12a865c8506c55de49c0a720 200
[debug] [2026-05-15T14:47:41.751Z] <<< [apiv2][body] POST https://upload-firebasehosting.googleapis.com/upload/sites/daily-collection-management/versions/0202169b4f1c5a20/files/2038c7b99aa8da04b26d461bb57fe8221d0e2caa12a865c8506c55de49c0a720 [stream]
[debug] [2026-05-15T14:47:41.754Z] <<< [apiv2][status] POST https://upload-firebasehosting.googleapis.com/upload/sites/daily-collection-management/versions/0202169b4f1c5a20/files/e61ad2d19cfcd248d5660f54cccbf32b8943f2f1d04cf7b0771aa66e92928ee4 200
[debug] [2026-05-15T14:47:41.754Z] <<< [apiv2][body] POST https://upload-firebasehosting.googleapis.com/upload/sites/daily-collection-management/versions/0202169b4f1c5a20/files/e61ad2d19cfcd248d5660f54cccbf32b8943f2f1d04cf7b0771aa66e92928ee4 [stream]
[debug] [2026-05-15T14:47:41.766Z] <<< [apiv2][status] POST https://upload-firebasehosting.googleapis.com/upload/sites/daily-collection-management/versions/0202169b4f1c5a20/files/6a777316938ec103f7cb2a1609a01dc0e6b5b438ede641eb8f8c10b148aaac96 200
[debug] [2026-05-15T14:47:41.766Z] <<< [apiv2][body] POST https://upload-firebasehosting.googleapis.com/upload/sites/daily-collection-management/versions/0202169b4f1c5a20/files/6a777316938ec103f7cb2a1609a01dc0e6b5b438ede641eb8f8c10b148aaac96 [stream]
[debug] [2026-05-15T14:47:41.769Z] <<< [apiv2][status] POST https://upload-firebasehosting.googleapis.com/upload/sites/daily-collection-management/versions/0202169b4f1c5a20/files/d2be115bc7125b4cc3eef919ca7e5ccf36e7295e8baf6ca9fdc4b51141c6a0ba 200
[debug] [2026-05-15T14:47:41.769Z] <<< [apiv2][body] POST https://upload-firebasehosting.googleapis.com/upload/sites/daily-collection-management/versions/0202169b4f1c5a20/files/d2be115bc7125b4cc3eef919ca7e5ccf36e7295e8baf6ca9fdc4b51141c6a0ba [stream]
[debug] [2026-05-15T14:47:41.801Z] <<< [apiv2][status] POST https://upload-firebasehosting.googleapis.com/upload/sites/daily-collection-management/versions/0202169b4f1c5a20/files/51bed4b23dda50b3754ab57564db697c37951913aa5608d6145489c5fc714a4b 200
[debug] [2026-05-15T14:47:41.801Z] <<< [apiv2][body] POST https://upload-firebasehosting.googleapis.com/upload/sites/daily-collection-management/versions/0202169b4f1c5a20/files/51bed4b23dda50b3754ab57564db697c37951913aa5608d6145489c5fc714a4b [stream]
[debug] [2026-05-15T14:47:41.811Z] <<< [apiv2][status] POST https://upload-firebasehosting.googleapis.com/upload/sites/daily-collection-management/versions/0202169b4f1c5a20/files/254c0cd760b800aa62f5fa3d4b0ec34d152d5b1173a1c93b28ac6682b091267c 200
[debug] [2026-05-15T14:47:41.811Z] <<< [apiv2][body] POST https://upload-firebasehosting.googleapis.com/upload/sites/daily-collection-management/versions/0202169b4f1c5a20/files/254c0cd760b800aa62f5fa3d4b0ec34d152d5b1173a1c93b28ac6682b091267c [stream]
[debug] [2026-05-15T14:47:41.828Z] <<< [apiv2][status] POST https://upload-firebasehosting.googleapis.com/upload/sites/daily-collection-management/versions/0202169b4f1c5a20/files/383d1c96022288e31bd0c8a5361c43413efb07c813b77dff1c624d87d623aeb2 200
[debug] [2026-05-15T14:47:41.828Z] <<< [apiv2][body] POST https://upload-firebasehosting.googleapis.com/upload/sites/daily-collection-management/versions/0202169b4f1c5a20/files/383d1c96022288e31bd0c8a5361c43413efb07c813b77dff1c624d87d623aeb2 [stream]
[debug] [2026-05-15T14:47:41.846Z] <<< [apiv2][status] POST https://upload-firebasehosting.googleapis.com/upload/sites/daily-collection-management/versions/0202169b4f1c5a20/files/aa642c3bf5d8f27213f098bbdf72bb0b4c12f49061ecb9f4664981e14145598c 200
[debug] [2026-05-15T14:47:41.846Z] <<< [apiv2][body] POST https://upload-firebasehosting.googleapis.com/upload/sites/daily-collection-management/versions/0202169b4f1c5a20/files/aa642c3bf5d8f27213f098bbdf72bb0b4c12f49061ecb9f4664981e14145598c [stream]
[debug] [2026-05-15T14:47:41.866Z] <<< [apiv2][status] POST https://upload-firebasehosting.googleapis.com/upload/sites/daily-collection-management/versions/0202169b4f1c5a20/files/2cd3a9eacc786347c4ed72d6728ad0f1b98028c434a9db796e97eb417f7934f6 200
[debug] [2026-05-15T14:47:41.867Z] <<< [apiv2][body] POST https://upload-firebasehosting.googleapis.com/upload/sites/daily-collection-management/versions/0202169b4f1c5a20/files/2cd3a9eacc786347c4ed72d6728ad0f1b98028c434a9db796e97eb417f7934f6 [stream]
[debug] [2026-05-15T14:47:41.906Z] <<< [apiv2][status] POST https://upload-firebasehosting.googleapis.com/upload/sites/daily-collection-management/versions/0202169b4f1c5a20/files/64371f1e1172903e018f9cdc3ebe2ef944afe2f72771f5b31fd5e1ffbdd4b4ae 200
[debug] [2026-05-15T14:47:41.906Z] <<< [apiv2][body] POST https://upload-firebasehosting.googleapis.com/upload/sites/daily-collection-management/versions/0202169b4f1c5a20/files/64371f1e1172903e018f9cdc3ebe2ef944afe2f72771f5b31fd5e1ffbdd4b4ae [stream]
[debug] [2026-05-15T14:47:41.907Z] <<< [apiv2][status] POST https://upload-firebasehosting.googleapis.com/upload/sites/daily-collection-management/versions/0202169b4f1c5a20/files/83a16636459af83b9ec8c183d8e6367072f84427e1dd708b4a124f7ce660be20 200
[debug] [2026-05-15T14:47:41.907Z] <<< [apiv2][body] POST https://upload-firebasehosting.googleapis.com/upload/sites/daily-collection-management/versions/0202169b4f1c5a20/files/83a16636459af83b9ec8c183d8e6367072f84427e1dd708b4a124f7ce660be20 [stream]
[debug] [2026-05-15T14:47:41.911Z] <<< [apiv2][status] POST https://upload-firebasehosting.googleapis.com/upload/sites/daily-collection-management/versions/0202169b4f1c5a20/files/76e7ec4fc73216ecad79056f432e4726aecbffada2343d373cdde769a99e20bc 200
[debug] [2026-05-15T14:47:41.911Z] <<< [apiv2][body] POST https://upload-firebasehosting.googleapis.com/upload/sites/daily-collection-management/versions/0202169b4f1c5a20/files/76e7ec4fc73216ecad79056f432e4726aecbffada2343d373cdde769a99e20bc [stream]
[debug] [2026-05-15T14:47:41.958Z] <<< [apiv2][status] POST https://upload-firebasehosting.googleapis.com/upload/sites/daily-collection-management/versions/0202169b4f1c5a20/files/fccf9470dc8d4496df947fb9a6b0c099e16e8fb9514c8a9ffdca4f0b40204020 200
[debug] [2026-05-15T14:47:41.958Z] <<< [apiv2][body] POST https://upload-firebasehosting.googleapis.com/upload/sites/daily-collection-management/versions/0202169b4f1c5a20/files/fccf9470dc8d4496df947fb9a6b0c099e16e8fb9514c8a9ffdca4f0b40204020 [stream]
[debug] [2026-05-15T14:47:42.004Z] <<< [apiv2][status] POST https://upload-firebasehosting.googleapis.com/upload/sites/daily-collection-management/versions/0202169b4f1c5a20/files/e5a6cac69f88be35e928a1a5edbe0ab9a9900fc8ce190913c5d10266d1ff4368 200
[debug] [2026-05-15T14:47:42.004Z] <<< [apiv2][body] POST https://upload-firebasehosting.googleapis.com/upload/sites/daily-collection-management/versions/0202169b4f1c5a20/files/e5a6cac69f88be35e928a1a5edbe0ab9a9900fc8ce190913c5d10266d1ff4368 [stream]
[debug] [2026-05-15T14:47:42.035Z] <<< [apiv2][status] POST https://upload-firebasehosting.googleapis.com/upload/sites/daily-collection-management/versions/0202169b4f1c5a20/files/b2daecf0eb3f22b523484b281cdbe0e26fdccd9da965a03ff23a48e94ed86487 200
[debug] [2026-05-15T14:47:42.035Z] <<< [apiv2][body] POST https://upload-firebasehosting.googleapis.com/upload/sites/daily-collection-management/versions/0202169b4f1c5a20/files/b2daecf0eb3f22b523484b281cdbe0e26fdccd9da965a03ff23a48e94ed86487 [stream]
[debug] [2026-05-15T14:47:42.091Z] <<< [apiv2][status] POST https://upload-firebasehosting.googleapis.com/upload/sites/daily-collection-management/versions/0202169b4f1c5a20/files/a966f624e5da67ce304a45ed2d2f115be6b4086da43948263edbdc542e025488 200
[debug] [2026-05-15T14:47:42.091Z] <<< [apiv2][body] POST https://upload-firebasehosting.googleapis.com/upload/sites/daily-collection-management/versions/0202169b4f1c5a20/files/a966f624e5da67ce304a45ed2d2f115be6b4086da43948263edbdc542e025488 [stream]
[debug] [2026-05-15T14:47:42.264Z] <<< [apiv2][status] POST https://upload-firebasehosting.googleapis.com/upload/sites/daily-collection-management/versions/0202169b4f1c5a20/files/ff4b338bdcda175fea1c4238d622f5c9b9ae88e0dacf74c20053f2536463e67e 200
[debug] [2026-05-15T14:47:42.265Z] <<< [apiv2][body] POST https://upload-firebasehosting.googleapis.com/upload/sites/daily-collection-management/versions/0202169b4f1c5a20/files/ff4b338bdcda175fea1c4238d622f5c9b9ae88e0dacf74c20053f2536463e67e [stream]
[debug] [2026-05-15T14:47:42.267Z] <<< [apiv2][status] POST https://upload-firebasehosting.googleapis.com/upload/sites/daily-collection-management/versions/0202169b4f1c5a20/files/d3fb2d6219455967671c427964e23dfed2652e69ef8356bb406ec1ad4b5727ae 200
[debug] [2026-05-15T14:47:42.267Z] <<< [apiv2][body] POST https://upload-firebasehosting.googleapis.com/upload/sites/daily-collection-management/versions/0202169b4f1c5a20/files/d3fb2d6219455967671c427964e23dfed2652e69ef8356bb406ec1ad4b5727ae [stream]
[debug] [2026-05-15T14:47:42.510Z] <<< [apiv2][status] POST https://upload-firebasehosting.googleapis.com/upload/sites/daily-collection-management/versions/0202169b4f1c5a20/files/b2eb281d4b535312071467d1aae7d37ac0cf9e6a96971aea8a28e455cbc72b2b 200
[debug] [2026-05-15T14:47:42.510Z] <<< [apiv2][body] POST https://upload-firebasehosting.googleapis.com/upload/sites/daily-collection-management/versions/0202169b4f1c5a20/files/b2eb281d4b535312071467d1aae7d37ac0cf9e6a96971aea8a28e455cbc72b2b [stream]
[debug] [2026-05-15T14:47:42.510Z] [hosting][upload queue][FINAL] {"max":2743,"min":1780,"avg":2046.2222222222222,"active":0,"complete":36,"success":36,"errored":0,"retried":0,"total":36,"elapsed":2744}
[info] i  hosting: upload complete 
[info] +  hosting[daily-collection-management]: file upload complete 
[debug] [2026-05-15T14:47:42.511Z] [hosting] deploy completed after 3622ms
[debug] [2026-05-15T14:47:42.511Z] [
  {
    "config": {
      "public": "frontend/dist",
      "ignore": [
        "firebase.json",
        "**/.*",
        "**/node_modules/**"
      ],
      "rewrites": [
        {
          "source": "**",
          "destination": "/index.html"
        }
      ],
      "site": "daily-collection-management"
    },
    "version": "projects/520682493376/sites/daily-collection-management/versions/0202169b4f1c5a20"
  }
]
[info] i  hosting[daily-collection-management]: finalizing version... 
[debug] [2026-05-15T14:47:42.514Z] Checked if tokens are valid: true, expires at: 1778858614091
[debug] [2026-05-15T14:47:42.516Z] Checked if tokens are valid: true, expires at: 1778858614091
[debug] [2026-05-15T14:47:42.517Z] >>> [apiv2][query] PATCH https://firebasehosting.googleapis.com/v1beta1/projects/-/sites/daily-collection-management/versions/0202169b4f1c5a20 updateMask=status%2Cconfig
[debug] [2026-05-15T14:47:42.517Z] >>> [apiv2][body] PATCH https://firebasehosting.googleapis.com/v1beta1/projects/-/sites/daily-collection-management/versions/0202169b4f1c5a20 {"status":"FINALIZED","config":{"rewrites":[{"glob":"**","path":"/index.html"}]}}
[debug] [2026-05-15T14:47:43.624Z] <<< [apiv2][status] PATCH https://firebasehosting.googleapis.com/v1beta1/projects/-/sites/daily-collection-management/versions/0202169b4f1c5a20 200
[debug] [2026-05-15T14:47:43.624Z] <<< [apiv2][body] PATCH https://firebasehosting.googleapis.com/v1beta1/projects/-/sites/daily-collection-management/versions/0202169b4f1c5a20 {"name":"projects/520682493376/sites/daily-collection-management/versions/0202169b4f1c5a20","status":"FINALIZED","config":{"rewrites":[{"glob":"**","path":"/index.html"}]},"labels":{"deployment-tool":"cli-firebase"},"createTime":"2026-05-15T14:47:36.637491Z","createUser":{"email":"pratik49484@gmail.com"},"finalizeTime":"2026-05-15T14:47:42.112924Z","finalizeUser":{"email":"pratik49484@gmail.com"}}
[debug] [2026-05-15T14:47:43.624Z] [hosting] finalized version for daily-collection-management:[object Object]
[info] +  hosting[daily-collection-management]: version finalized 
[info] i  hosting[daily-collection-management]: releasing new version... 
[debug] [2026-05-15T14:47:43.625Z] Checked if tokens are valid: true, expires at: 1778858614091
[debug] [2026-05-15T14:47:43.625Z] Checked if tokens are valid: true, expires at: 1778858614091
[debug] [2026-05-15T14:47:43.625Z] >>> [apiv2][query] POST https://firebasehosting.googleapis.com/v1beta1/projects/-/sites/daily-collection-management/channels/live/releases versionName=projects%2F520682493376%2Fsites%2Fdaily-collection-management%2Fversions%2F0202169b4f1c5a20
[debug] [2026-05-15T14:47:43.625Z] >>> [apiv2][body] POST https://firebasehosting.googleapis.com/v1beta1/projects/-/sites/daily-collection-management/channels/live/releases {}
[debug] [2026-05-15T14:47:44.699Z] <<< [apiv2][status] POST https://firebasehosting.googleapis.com/v1beta1/projects/-/sites/daily-collection-management/channels/live/releases 200
[debug] [2026-05-15T14:47:44.699Z] <<< [apiv2][body] POST https://firebasehosting.googleapis.com/v1beta1/projects/-/sites/daily-collection-management/channels/live/releases {"name":"projects/520682493376/sites/daily-collection-management/channels/live/releases/1778856462518000","version":{"name":"projects/520682493376/sites/daily-collection-management/versions/0202169b4f1c5a20","status":"FINALIZED","config":{"rewrites":[{"glob":"**","path":"/index.html"}]},"labels":{"deployment-tool":"cli-firebase"},"createTime":"2026-05-15T14:47:36.637491Z","createUser":{"email":"pratik49484@gmail.com","imageUrl":"https://lh3.googleusercontent.com/a/ACg8ocIqyTrSrET0G5sDZa47WK8cANgRRPIOjik7i5Zk11Mp6kPy5zE=mo"},"finalizeTime":"2026-05-15T14:47:42.112924Z","finalizeUser":{"email":"pratik49484@gmail.com","imageUrl":"https://lh3.googleusercontent.com/a/ACg8ocIqyTrSrET0G5sDZa47WK8cANgRRPIOjik7i5Zk11Mp6kPy5zE=mo"}},"type":"DEPLOY","releaseTime":"2026-05-15T14:47:42.518Z","releaseUser":{"email":"pratik49484@gmail.com","imageUrl":"https://lh3.googleusercontent.com/a/ACg8ocIqyTrSrET0G5sDZa47WK8cANgRRPIOjik7i5Zk11Mp6kPy5zE=mo"}}
[debug] [2026-05-15T14:47:44.700Z] [hosting] release: {"name":"projects/520682493376/sites/daily-collection-management/channels/live/releases/1778856462518000","version":{"name":"projects/520682493376/sites/daily-collection-management/versions/0202169b4f1c5a20","status":"FINALIZED","config":{"rewrites":[{"glob":"**","path":"/index.html"}]},"labels":{"deployment-tool":"cli-firebase"},"createTime":"2026-05-15T14:47:36.637491Z","createUser":{"email":"pratik49484@gmail.com","imageUrl":"https://lh3.googleusercontent.com/a/ACg8ocIqyTrSrET0G5sDZa47WK8cANgRRPIOjik7i5Zk11Mp6kPy5zE=mo"},"finalizeTime":"2026-05-15T14:47:42.112924Z","finalizeUser":{"email":"pratik49484@gmail.com","imageUrl":"https://lh3.googleusercontent.com/a/ACg8ocIqyTrSrET0G5sDZa47WK8cANgRRPIOjik7i5Zk11Mp6kPy5zE=mo"}},"type":"DEPLOY","releaseTime":"2026-05-15T14:47:42.518Z","releaseUser":{"email":"pratik49484@gmail.com","imageUrl":"https://lh3.googleusercontent.com/a/ACg8ocIqyTrSrET0G5sDZa47WK8cANgRRPIOjik7i5Zk11Mp6kPy5zE=mo"}}
[info] +  hosting[daily-collection-management]: release complete 
[info] 
[info] +  Deploy complete! 
[info] 
[info] Project Console: https://console.firebase.google.com/project/daily-collection-management/overview
[info] Hosting URL: https://daily-collection-management.web.app
